,class,arm,sum,n,sum2,round,mean
0,C1,A1,0.0,0,0.0,0,
1,C1,A2,0.0,0,0.0,0,
2,C1,A3,0.0,0,0.0,0,
3,C1,A4,0.0,0,0.0,0,
4,C1,A5,0.0,0,0.0,0,
5,C1,A6,0.0,0,0.0,0,
6,C2,A1,0.0,0,0.0,0,
7,C2,A2,0.0,0,0.0,0,
8,C2,A3,0.0,0,0.0,0,
9,C2,A4,0.0,0,0.0,0,
10,C2,A5,0.0,0,0.0,0,
11,C2,A6,0.0,0,0.0,0,
0,C1,A1,0.0,0,0.0,1,
1,C1,A2,-0.5391213314074506,1,0.2906518099785421,1,-0.5391213314074506
2,C1,A3,0.0,0,0.0,1,
3,C1,A4,0.0,0,0.0,1,
4,C1,A5,0.0,0,0.0,1,
5,C1,A6,0.0,0,0.0,1,
6,C2,A1,0.0,0,0.0,1,
7,C2,A2,0.0,0,0.0,1,
8,C2,A3,0.0,0,0.0,1,
9,C2,A4,0.0,0,0.0,1,
10,C2,A5,148.90449458353942,1,22172.548507179315,1,148.90449458353942
11,C2,A6,0.0,0,0.0,1,
0,C1,A1,0.0,0,0.0,2,
1,C1,A2,-0.5391213314074506,1,0.2906518099785421,2,-0.5391213314074506
2,C1,A3,0.0,0,0.0,2,
3,C1,A4,0.0,0,0.0,2,
4,C1,A5,52.358577411164255,1,2741.42062852088,2,52.358577411164255
5,C1,A6,0.0,0,0.0,2,
6,C2,A1,0.0,0,0.0,2,
7,C2,A2,0.0,0,0.0,2,
8,C2,A3,40.4644692420393,1,1637.3732710399445,2,40.4644692420393
9,C2,A4,0.0,0,0.0,2,
10,C2,A5,148.90449458353942,1,22172.548507179315,2,148.90449458353942
11,C2,A6,0.0,0,0.0,2,
0,C1,A1,0.0,0,0.0,3,
1,C1,A2,-0.5391213314074506,1,0.2906518099785421,3,-0.5391213314074506
2,C1,A3,0.0,0,0.0,3,
3,C1,A4,0.0,0,0.0,3,
4,C1,A5,52.358577411164255,1,2741.42062852088,3,52.358577411164255
5,C1,A6,65.80396568703554,1,4330.161900140552,3,65.80396568703554
6,C2,A1,0.0,0,0.0,3,
7,C2,A2,0.0,0,0.0,3,
8,C2,A3,40.4644692420393,1,1637.3732710399445,3,40.4644692420393
9,C2,A4,-51.04143162213104,1,2605.2277420366786,3,-51.04143162213104
10,C2,A5,148.90449458353942,1,22172.548507179315,3,148.90449458353942
11,C2,A6,0.0,0,0.0,3,
0,C1,A1,0.0,0,0.0,4,
1,C1,A2,-0.5391213314074506,1,0.2906518099785421,4,-0.5391213314074506
2,C1,A3,31.37668938700339,1,984.4966368884908,4,31.37668938700339
3,C1,A4,0.0,0,0.0,4,
4,C1,A5,52.358577411164255,1,2741.42062852088,4,52.358577411164255
5,C1,A6,65.80396568703554,1,4330.161900140552,4,65.80396568703554
6,C2,A1,0.0,0,0.0,4,
7,C2,A2,0.0,0,0.0,4,
8,C2,A3,88.9015808750177,2,3983.527054385557,4,44.45079043750885
9,C2,A4,-51.04143162213104,1,2605.2277420366786,4,-51.04143162213104
10,C2,A5,148.90449458353942,1,22172.548507179315,4,148.90449458353942
11,C2,A6,0.0,0,0.0,4,
0,C1,A1,0.0,0,0.0,5,
1,C1,A2,-0.5391213314074506,1,0.2906518099785421,5,-0.5391213314074506
2,C1,A3,31.37668938700339,1,984.4966368884908,5,31.37668938700339
3,C1,A4,0.0,0,0.0,5,
4,C1,A5,52.358577411164255,1,2741.42062852088,5,52.358577411164255
5,C1,A6,111.2135151928228,2,6392.189086459097,5,55.6067575964114
6,C2,A1,0.0,0,0.0,5,
7,C2,A2,53.87452016311582,1,2902.4639228059723,5,53.87452016311582
8,C2,A3,88.9015808750177,2,3983.527054385557,5,44.45079043750885
9,C2,A4,-51.04143162213104,1,2605.2277420366786,5,-51.04143162213104
10,C2,A5,148.90449458353942,1,22172.548507179315,5,148.90449458353942
11,C2,A6,0.0,0,0.0,5,
0,C1,A1,9.933995359779082,1,98.68426380811235,6,9.933995359779082
1,C1,A2,-0.5391213314074506,1,0.2906518099785421,6,-0.5391213314074506
2,C1,A3,31.37668938700339,1,984.4966368884908,6,31.37668938700339
3,C1,A4,0.0,0,0.0,6,
4,C1,A5,52.358577411164255,1,2741.42062852088,6,52.358577411164255
5,C1,A6,111.2135151928228,2,6392.189086459097,6,55.6067575964114
6,C2,A1,0.0,0,0.0,6,
7,C2,A2,37.91582323947875,2,3157.1439303064753,6,18.957911619739374
8,C2,A3,88.9015808750177,2,3983.527054385557,6,44.45079043750885
9,C2,A4,-51.04143162213104,1,2605.2277420366786,6,-51.04143162213104
10,C2,A5,148.90449458353942,1,22172.548507179315,6,148.90449458353942
11,C2,A6,0.0,0,0.0,6,
0,C1,A1,9.933995359779082,1,98.68426380811235,7,9.933995359779082
1,C1,A2,28.548853061914077,2,846.4009061165076,7,14.274426530957038
2,C1,A3,31.37668938700339,1,984.4966368884908,7,31.37668938700339
3,C1,A4,0.0,0,0.0,7,
4,C1,A5,52.358577411164255,1,2741.42062852088,7,52.358577411164255
5,C1,A6,111.2135151928228,2,6392.189086459097,7,55.6067575964114
6,C2,A1,-31.524456935193342,1,993.7913850588595,7,-31.524456935193342
7,C2,A2,37.91582323947875,2,3157.1439303064753,7,18.957911619739374
8,C2,A3,88.9015808750177,2,3983.527054385557,7,44.45079043750885
9,C2,A4,-51.04143162213104,1,2605.2277420366786,7,-51.04143162213104
10,C2,A5,148.90449458353942,1,22172.548507179315,7,148.90449458353942
11,C2,A6,0.0,0,0.0,7,
0,C1,A1,17.37385720903893,2,154.03580814418453,8,8.686928604519466
1,C1,A2,28.548853061914077,2,846.4009061165076,8,14.274426530957038
2,C1,A3,31.37668938700339,1,984.4966368884908,8,31.37668938700339
3,C1,A4,0.0,0,0.0,8,
4,C1,A5,52.358577411164255,1,2741.42062852088,8,52.358577411164255
5,C1,A6,111.2135151928228,2,6392.189086459097,8,55.6067575964114
6,C2,A1,-31.524456935193342,1,993.7913850588595,8,-31.524456935193342
7,C2,A2,37.91582323947875,2,3157.1439303064753,8,18.957911619739374
8,C2,A3,88.9015808750177,2,3983.527054385557,8,44.45079043750885
9,C2,A4,-51.04143162213104,1,2605.2277420366786,8,-51.04143162213104
10,C2,A5,148.90449458353942,1,22172.548507179315,8,148.90449458353942
11,C2,A6,5.783168122467487,1,33.445033532724125,8,5.783168122467487
0,C1,A1,17.37385720903893,2,154.03580814418453,9,8.686928604519466
1,C1,A2,28.548853061914077,2,846.4009061165076,9,14.274426530957038
2,C1,A3,31.37668938700339,1,984.4966368884908,9,31.37668938700339
3,C1,A4,0.0,0,0.0,9,
4,C1,A5,100.76565704405613,2,5084.6659871060165,9,50.38282852202806
5,C1,A6,111.2135151928228,2,6392.189086459097,9,55.6067575964114
6,C2,A1,-31.524456935193342,1,993.7913850588595,9,-31.524456935193342
7,C2,A2,37.91582323947875,2,3157.1439303064753,9,18.957911619739374
8,C2,A3,88.9015808750177,2,3983.527054385557,9,44.45079043750885
9,C2,A4,-76.95494423471392,2,3276.7378779591704,9,-38.47747211735696
10,C2,A5,148.90449458353942,1,22172.548507179315,9,148.90449458353942
11,C2,A6,5.783168122467487,1,33.445033532724125,9,5.783168122467487
0,C1,A1,17.37385720903893,2,154.03580814418453,10,8.686928604519466
1,C1,A2,28.548853061914077,2,846.4009061165076,10,14.274426530957038
2,C1,A3,55.8397269746379,2,1582.9368449025094,10,27.91986348731895
3,C1,A4,0.0,0,0.0,10,
4,C1,A5,100.76565704405613,2,5084.6659871060165,10,50.38282852202806
5,C1,A6,111.2135151928228,2,6392.189086459097,10,55.6067575964114
6,C2,A1,-31.524456935193342,1,993.7913850588595,10,-31.524456935193342
7,C2,A2,37.91582323947875,2,3157.1439303064753,10,18.957911619739374
8,C2,A3,88.9015808750177,2,3983.527054385557,10,44.45079043750885
9,C2,A4,-76.95494423471392,2,3276.7378779591704,10,-38.47747211735696
10,C2,A5,178.6497243717871,2,23057.327202334982,10,89.32486218589355
11,C2,A6,5.783168122467487,1,33.445033532724125,10,5.783168122467487
0,C1,A1,17.37385720903893,2,154.03580814418453,11,8.686928604519466
1,C1,A2,28.548853061914077,2,846.4009061165076,11,14.274426530957038
2,C1,A3,55.8397269746379,2,1582.9368449025094,11,27.91986348731895
3,C1,A4,0.0,0,0.0,11,
4,C1,A5,152.10753166817838,3,7720.654077025105,11,50.70251055605946
5,C1,A6,111.2135151928228,2,6392.189086459097,11,55.6067575964114
6,C2,A1,-31.524456935193342,1,993.7913850588595,11,-31.524456935193342
7,C2,A2,37.91582323947875,2,3157.1439303064753,11,18.957911619739374
8,C2,A3,88.9015808750177,2,3983.527054385557,11,44.45079043750885
9,C2,A4,-76.95494423471392,2,3276.7378779591704,11,-38.47747211735696
10,C2,A5,252.52180278488612,3,28514.41117140603,11,84.1739342616287
11,C2,A6,5.783168122467487,1,33.445033532724125,11,5.783168122467487
0,C1,A1,17.37385720903893,2,154.03580814418453,12,8.686928604519466
1,C1,A2,28.548853061914077,2,846.4009061165076,12,14.274426530957038
2,C1,A3,55.8397269746379,2,1582.9368449025094,12,27.91986348731895
3,C1,A4,48.210556293649425,1,2324.25773814314,12,48.210556293649425
4,C1,A5,152.10753166817838,3,7720.654077025105,12,50.70251055605946
5,C1,A6,111.2135151928228,2,6392.189086459097,12,55.6067575964114
6,C2,A1,-31.524456935193342,1,993.7913850588595,12,-31.524456935193342
7,C2,A2,37.91582323947875,2,3157.1439303064753,12,18.957911619739374
8,C2,A3,88.9015808750177,2,3983.527054385557,12,44.45079043750885
9,C2,A4,-76.95494423471392,2,3276.7378779591704,12,-38.47747211735696
10,C2,A5,308.55494557093675,4,31654.12426188796,12,77.13873639273419
11,C2,A6,5.783168122467487,1,33.445033532724125,12,5.783168122467487
0,C1,A1,17.37385720903893,2,154.03580814418453,13,8.686928604519466
1,C1,A2,28.548853061914077,2,846.4009061165076,13,14.274426530957038
2,C1,A3,55.8397269746379,2,1582.9368449025094,13,27.91986348731895
3,C1,A4,85.546072059653,2,3718.198475656641,13,42.7730360298265
4,C1,A5,152.10753166817838,3,7720.654077025105,13,50.70251055605946
5,C1,A6,111.2135151928228,2,6392.189086459097,13,55.6067575964114
6,C2,A1,-31.524456935193342,1,993.7913850588595,13,-31.524456935193342
7,C2,A2,37.91582323947875,2,3157.1439303064753,13,18.957911619739374
8,C2,A3,88.9015808750177,2,3983.527054385557,13,44.45079043750885
9,C2,A4,-76.95494423471392,2,3276.7378779591704,13,-38.47747211735696
10,C2,A5,308.55494557093675,4,31654.12426188796,13,77.13873639273419
11,C2,A6,139.86624878453415,2,18011.717553363,13,69.93312439226708
0,C1,A1,17.37385720903893,2,154.03580814418453,14,8.686928604519466
1,C1,A2,28.548853061914077,2,846.4009061165076,14,14.274426530957038
2,C1,A3,55.8397269746379,2,1582.9368449025094,14,27.91986348731895
3,C1,A4,85.546072059653,2,3718.198475656641,14,42.7730360298265
4,C1,A5,181.78681186034748,4,8601.513749750387,14,45.44670296508687
5,C1,A6,111.2135151928228,2,6392.189086459097,14,55.6067575964114
6,C2,A1,-31.524456935193342,1,993.7913850588595,14,-31.524456935193342
7,C2,A2,37.91582323947875,2,3157.1439303064753,14,18.957911619739374
8,C2,A3,88.9015808750177,2,3983.527054385557,14,44.45079043750885
9,C2,A4,-76.95494423471392,2,3276.7378779591704,14,-38.47747211735696
10,C2,A5,322.3389416216881,5,31844.122809015087,14,64.46778832433762
11,C2,A6,139.86624878453415,2,18011.717553363,14,69.93312439226708
0,C1,A1,17.37385720903893,2,154.03580814418453,15,8.686928604519466
1,C1,A2,28.548853061914077,2,846.4009061165076,15,14.274426530957038
2,C1,A3,55.8397269746379,2,1582.9368449025094,15,27.91986348731895
3,C1,A4,85.546072059653,2,3718.198475656641,15,42.7730360298265
4,C1,A5,181.78681186034748,4,8601.513749750387,15,45.44670296508687
5,C1,A6,167.23718571071268,3,9530.840744756179,15,55.74572857023756
6,C2,A1,-59.04334148482469,2,1751.0803919147988,15,-29.521670742412343
7,C2,A2,37.91582323947875,2,3157.1439303064753,15,18.957911619739374
8,C2,A3,88.9015808750177,2,3983.527054385557,15,44.45079043750885
9,C2,A4,-76.95494423471392,2,3276.7378779591704,15,-38.47747211735696
10,C2,A5,322.3389416216881,5,31844.122809015087,15,64.46778832433762
11,C2,A6,139.86624878453415,2,18011.717553363,15,69.93312439226708
0,C1,A1,17.37385720903893,2,154.03580814418453,16,8.686928604519466
1,C1,A2,28.548853061914077,2,846.4009061165076,16,14.274426530957038
2,C1,A3,55.8397269746379,2,1582.9368449025094,16,27.91986348731895
3,C1,A4,85.546072059653,2,3718.198475656641,16,42.7730360298265
4,C1,A5,181.78681186034748,4,8601.513749750387,16,45.44670296508687
5,C1,A6,209.43694276050599,4,11311.660239817758,16,52.359235690126496
6,C2,A1,-59.04334148482469,2,1751.0803919147988,16,-29.521670742412343
7,C2,A2,37.91582323947875,2,3157.1439303064753,16,18.957911619739374
8,C2,A3,88.9015808750177,2,3983.527054385557,16,44.45079043750885
9,C2,A4,-76.95494423471392,2,3276.7378779591704,16,-38.47747211735696
10,C2,A5,405.5401102519469,6,38766.557270455865,16,67.59001837532448
11,C2,A6,139.86624878453415,2,18011.717553363,16,69.93312439226708
0,C1,A1,17.37385720903893,2,154.03580814418453,17,8.686928604519466
1,C1,A2,28.548853061914077,2,846.4009061165076,17,14.274426530957038
2,C1,A3,55.8397269746379,2,1582.9368449025094,17,27.91986348731895
3,C1,A4,85.546072059653,2,3718.198475656641,17,42.7730360298265
4,C1,A5,181.78681186034748,4,8601.513749750387,17,45.44670296508687
5,C1,A6,273.2545725292617,5,15384.350109119736,17,54.650914505852334
6,C2,A1,-59.04334148482469,2,1751.0803919147988,17,-29.521670742412343
7,C2,A2,37.91582323947875,2,3157.1439303064753,17,18.957911619739374
8,C2,A3,88.9015808750177,2,3983.527054385557,17,44.45079043750885
9,C2,A4,-76.95494423471392,2,3276.7378779591704,17,-38.47747211735696
10,C2,A5,460.0433511286603,7,41737.160536520896,17,65.72047873266575
11,C2,A6,139.86624878453415,2,18011.717553363,17,69.93312439226708
0,C1,A1,17.37385720903893,2,154.03580814418453,18,8.686928604519466
1,C1,A2,28.548853061914077,2,846.4009061165076,18,14.274426530957038
2,C1,A3,55.8397269746379,2,1582.9368449025094,18,27.91986348731895
3,C1,A4,85.546072059653,2,3718.198475656641,18,42.7730360298265
4,C1,A5,181.78681186034748,4,8601.513749750387,18,45.44670296508687
5,C1,A6,326.99904834748236,6,18272.81879009505,18,54.49984139124706
6,C2,A1,-59.04334148482469,2,1751.0803919147988,18,-29.521670742412343
7,C2,A2,37.91582323947875,2,3157.1439303064753,18,18.957911619739374
8,C2,A3,88.9015808750177,2,3983.527054385557,18,44.45079043750885
9,C2,A4,-76.95494423471392,2,3276.7378779591704,18,-38.47747211735696
10,C2,A5,460.0433511286603,7,41737.160536520896,18,65.72047873266575
11,C2,A6,131.91678278697802,3,18074.9115630093,18,43.972260928992675
0,C1,A1,17.37385720903893,2,154.03580814418453,19,8.686928604519466
1,C1,A2,28.548853061914077,2,846.4009061165076,19,14.274426530957038
2,C1,A3,55.8397269746379,2,1582.9368449025094,19,27.91986348731895
3,C1,A4,85.546072059653,2,3718.198475656641,19,42.7730360298265
4,C1,A5,181.78681186034748,4,8601.513749750387,19,45.44670296508687
5,C1,A6,401.02394324949654,7,23752.503855349278,19,57.289134749928074
6,C2,A1,-59.04334148482469,2,1751.0803919147988,19,-29.521670742412343
7,C2,A2,37.91582323947875,2,3157.1439303064753,19,18.957911619739374
8,C2,A3,88.9015808750177,2,3983.527054385557,19,44.45079043750885
9,C2,A4,-76.95494423471392,2,3276.7378779591704,19,-38.47747211735696
10,C2,A5,460.0433511286603,7,41737.160536520896,19,65.72047873266575
11,C2,A6,279.6612221044913,4,39903.33091225567,19,69.91530552612282
0,C1,A1,17.37385720903893,2,154.03580814418453,20,8.686928604519466
1,C1,A2,28.548853061914077,2,846.4009061165076,20,14.274426530957038
2,C1,A3,55.8397269746379,2,1582.9368449025094,20,27.91986348731895
3,C1,A4,85.546072059653,2,3718.198475656641,20,42.7730360298265
4,C1,A5,181.78681186034748,4,8601.513749750387,20,45.44670296508687
5,C1,A6,470.51664590875646,8,28581.739578237586,20,58.81458073859456
6,C2,A1,-59.04334148482469,2,1751.0803919147988,20,-29.521670742412343
7,C2,A2,37.91582323947875,2,3157.1439303064753,20,18.957911619739374
8,C2,A3,88.9015808750177,2,3983.527054385557,20,44.45079043750885
9,C2,A4,-76.95494423471392,2,3276.7378779591704,20,-38.47747211735696
10,C2,A5,556.6596492337849,8,51071.86959605919,20,69.58245615422311
11,C2,A6,279.6612221044913,4,39903.33091225567,20,69.91530552612282
0,C1,A1,17.37385720903893,2,154.03580814418453,21,8.686928604519466
1,C1,A2,28.548853061914077,2,846.4009061165076,21,14.274426530957038
2,C1,A3,55.8397269746379,2,1582.9368449025094,21,27.91986348731895
3,C1,A4,85.546072059653,2,3718.198475656641,21,42.7730360298265
4,C1,A5,181.78681186034748,4,8601.513749750387,21,45.44670296508687
5,C1,A6,544.0620867303828,9,33990.67144388495,21,60.45134297004253
6,C2,A1,-59.04334148482469,2,1751.0803919147988,21,-29.521670742412343
7,C2,A2,37.91582323947875,2,3157.1439303064753,21,18.957911619739374
8,C2,A3,88.9015808750177,2,3983.527054385557,21,44.45079043750885
9,C2,A4,-76.95494423471392,2,3276.7378779591704,21,-38.47747211735696
10,C2,A5,556.6596492337849,8,51071.86959605919,21,69.58245615422311
11,C2,A6,398.31689138710726,5,53982.4987651612,21,79.66337827742146
0,C1,A1,17.37385720903893,2,154.03580814418453,22,8.686928604519466
1,C1,A2,28.548853061914077,2,846.4009061165076,22,14.274426530957038
2,C1,A3,55.8397269746379,2,1582.9368449025094,22,27.91986348731895
3,C1,A4,85.546072059653,2,3718.198475656641,22,42.7730360298265
4,C1,A5,181.78681186034748,4,8601.513749750387,22,45.44670296508687
5,C1,A6,602.2968818152301,10,37381.962802459086,22,60.22968818152301
6,C2,A1,-59.04334148482469,2,1751.0803919147988,22,-29.521670742412343
7,C2,A2,37.91582323947875,2,3157.1439303064753,22,18.957911619739374
8,C2,A3,53.72645759015597,3,5220.816352490781,22,17.908819196718657
9,C2,A4,-76.95494423471392,2,3276.7378779591704,22,-38.47747211735696
10,C2,A5,556.6596492337849,8,51071.86959605919,22,69.58245615422311
11,C2,A6,398.31689138710726,5,53982.4987651612,22,79.66337827742146
0,C1,A1,17.37385720903893,2,154.03580814418453,23,8.686928604519466
1,C1,A2,28.548853061914077,2,846.4009061165076,23,14.274426530957038
2,C1,A3,55.8397269746379,2,1582.9368449025094,23,27.91986348731895
3,C1,A4,85.546072059653,2,3718.198475656641,23,42.7730360298265
4,C1,A5,181.78681186034748,4,8601.513749750387,23,45.44670296508687
5,C1,A6,651.7476588511075,11,39827.34215191115,23,59.2497871682825
6,C2,A1,-59.04334148482469,2,1751.0803919147988,23,-29.521670742412343
7,C2,A2,37.91582323947875,2,3157.1439303064753,23,18.957911619739374
8,C2,A3,53.72645759015597,3,5220.816352490781,23,17.908819196718657
9,C2,A4,-76.95494423471392,2,3276.7378779591704,23,-38.47747211735696
10,C2,A5,556.6596492337849,8,51071.86959605919,23,69.58245615422311
11,C2,A6,459.50193475490966,6,57726.10829708107,23,76.58365579248495
0,C1,A1,17.37385720903893,2,154.03580814418453,24,8.686928604519466
1,C1,A2,28.548853061914077,2,846.4009061165076,24,14.274426530957038
2,C1,A3,55.8397269746379,2,1582.9368449025094,24,27.91986348731895
3,C1,A4,85.546072059653,2,3718.198475656641,24,42.7730360298265
4,C1,A5,181.78681186034748,4,8601.513749750387,24,45.44670296508687
5,C1,A6,692.7492276284671,12,41508.470794115696,24,57.72910230237226
6,C2,A1,-59.04334148482469,2,1751.0803919147988,24,-29.521670742412343
7,C2,A2,37.91582323947875,2,3157.1439303064753,24,18.957911619739374
8,C2,A3,53.72645759015597,3,5220.816352490781,24,17.908819196718657
9,C2,A4,-76.95494423471392,2,3276.7378779591704,24,-38.47747211735696
10,C2,A5,556.6596492337849,8,51071.86959605919,24,69.58245615422311
11,C2,A6,465.9103325930552,7,57767.175859933006,24,66.55861894186503
0,C1,A1,17.37385720903893,2,154.03580814418453,25,8.686928604519466
1,C1,A2,28.548853061914077,2,846.4009061165076,25,14.274426530957038
2,C1,A3,55.8397269746379,2,1582.9368449025094,25,27.91986348731895
3,C1,A4,85.546072059653,2,3718.198475656641,25,42.7730360298265
4,C1,A5,181.78681186034748,4,8601.513749750387,25,45.44670296508687
5,C1,A6,761.1898416885742,13,46192.588447040216,25,58.55306474527494
6,C2,A1,-59.04334148482469,2,1751.0803919147988,25,-29.521670742412343
7,C2,A2,37.91582323947875,2,3157.1439303064753,25,18.957911619739374
8,C2,A3,53.72645759015597,3,5220.816352490781,25,17.908819196718657
9,C2,A4,-76.95494423471392,2,3276.7378779591704,25,-38.47747211735696
10,C2,A5,556.6596492337849,8,51071.86959605919,25,69.58245615422311
11,C2,A6,562.394268539633,8,67076.32575567633,25,70.29928356745413
0,C1,A1,17.37385720903893,2,154.03580814418453,26,8.686928604519466
1,C1,A2,28.548853061914077,2,846.4009061165076,26,14.274426530957038
2,C1,A3,55.8397269746379,2,1582.9368449025094,26,27.91986348731895
3,C1,A4,85.546072059653,2,3718.198475656641,26,42.7730360298265
4,C1,A5,181.78681186034748,4,8601.513749750387,26,45.44670296508687
5,C1,A6,837.4077035502638,14,52001.750913807824,26,59.814835967875986
6,C2,A1,-59.04334148482469,2,1751.0803919147988,26,-29.521670742412343
7,C2,A2,37.91582323947875,2,3157.1439303064753,26,18.957911619739374
8,C2,A3,53.72645759015597,3,5220.816352490781,26,17.908819196718657
9,C2,A4,-76.95494423471392,2,3276.7378779591704,26,-38.47747211735696
10,C2,A5,644.4903172075915,9,58786.09583278424,26,71.61003524528795
11,C2,A6,562.394268539633,8,67076.32575567633,26,70.29928356745413
0,C1,A1,17.37385720903893,2,154.03580814418453,27,8.686928604519466
1,C1,A2,28.548853061914077,2,846.4009061165076,27,14.274426530957038
2,C1,A3,55.8397269746379,2,1582.9368449025094,27,27.91986348731895
3,C1,A4,85.546072059653,2,3718.198475656641,27,42.7730360298265
4,C1,A5,181.78681186034748,4,8601.513749750387,27,45.44670296508687
5,C1,A6,894.2112375105643,15,55228.392384186816,27,59.614082500704285
6,C2,A1,-59.04334148482469,2,1751.0803919147988,27,-29.521670742412343
7,C2,A2,37.91582323947875,2,3157.1439303064753,27,18.957911619739374
8,C2,A3,53.72645759015597,3,5220.816352490781,27,17.908819196718657
9,C2,A4,-76.95494423471392,2,3276.7378779591704,27,-38.47747211735696
10,C2,A5,644.4903172075915,9,58786.09583278424,27,71.61003524528795
11,C2,A6,563.6886846816861,9,67078.00126882513,27,62.6320760757429
0,C1,A1,17.37385720903893,2,154.03580814418453,28,8.686928604519466
1,C1,A2,28.548853061914077,2,846.4009061165076,28,14.274426530957038
2,C1,A3,55.8397269746379,2,1582.9368449025094,28,27.91986348731895
3,C1,A4,85.546072059653,2,3718.198475656641,28,42.7730360298265
4,C1,A5,181.78681186034748,4,8601.513749750387,28,45.44670296508687
5,C1,A6,947.9802713405032,16,58119.501383191935,28,59.24876695878145
6,C2,A1,-59.04334148482469,2,1751.0803919147988,28,-29.521670742412343
7,C2,A2,37.91582323947875,2,3157.1439303064753,28,18.957911619739374
8,C2,A3,53.72645759015597,3,5220.816352490781,28,17.908819196718657
9,C2,A4,-76.95494423471392,2,3276.7378779591704,28,-38.47747211735696
10,C2,A5,699.9174029220441,10,61858.257663581506,28,69.99174029220441
11,C2,A6,563.6886846816861,9,67078.00126882513,28,62.6320760757429
0,C1,A1,17.37385720903893,2,154.03580814418453,29,8.686928604519466
1,C1,A2,28.548853061914077,2,846.4009061165076,29,14.274426530957038
2,C1,A3,55.8397269746379,2,1582.9368449025094,29,27.91986348731895
3,C1,A4,85.546072059653,2,3718.198475656641,29,42.7730360298265
4,C1,A5,181.78681186034748,4,8601.513749750387,29,45.44670296508687
5,C1,A6,1007.2673517831447,17,61634.45929060421,29,59.25102069312616
6,C2,A1,-59.04334148482469,2,1751.0803919147988,29,-29.521670742412343
7,C2,A2,37.91582323947875,2,3157.1439303064753,29,18.957911619739374
8,C2,A3,53.72645759015597,3,5220.816352490781,29,17.908819196718657
9,C2,A4,-76.95494423471392,2,3276.7378779591704,29,-38.47747211735696
10,C2,A5,795.6738114281094,11,71027.547433562,29,72.33398285710085
11,C2,A6,563.6886846816861,9,67078.00126882513,29,62.6320760757429
0,C1,A1,17.37385720903893,2,154.03580814418453,30,8.686928604519466
1,C1,A2,28.548853061914077,2,846.4009061165076,30,14.274426530957038
2,C1,A3,55.8397269746379,2,1582.9368449025094,30,27.91986348731895
3,C1,A4,85.546072059653,2,3718.198475656641,30,42.7730360298265
4,C1,A5,181.78681186034748,4,8601.513749750387,30,45.44670296508687
5,C1,A6,1072.9071376593697,18,65943.0407804808,30,59.60595209218721
6,C2,A1,-59.04334148482469,2,1751.0803919147988,30,-29.521670742412343
7,C2,A2,37.91582323947875,2,3157.1439303064753,30,18.957911619739374
8,C2,A3,53.72645759015597,3,5220.816352490781,30,17.908819196718657
9,C2,A4,-76.95494423471392,2,3276.7378779591704,30,-38.47747211735696
10,C2,A5,795.6738114281094,11,71027.547433562,30,72.33398285710085
11,C2,A6,561.3601662569507,10,67083.42326687946,30,56.13601662569507
0,C1,A1,17.37385720903893,2,154.03580814418453,31,8.686928604519466
1,C1,A2,28.548853061914077,2,846.4009061165076,31,14.274426530957038
2,C1,A3,55.8397269746379,2,1582.9368449025094,31,27.91986348731895
3,C1,A4,85.546072059653,2,3718.198475656641,31,42.7730360298265
4,C1,A5,181.78681186034748,4,8601.513749750387,31,45.44670296508687
5,C1,A6,1139.5695852669533,19,70386.92270151466,31,59.97734659299754
6,C2,A1,-59.04334148482469,2,1751.0803919147988,31,-29.521670742412343
7,C2,A2,37.91582323947875,2,3157.1439303064753,31,18.957911619739374
8,C2,A3,53.72645759015597,3,5220.816352490781,31,17.908819196718657
9,C2,A4,-76.95494423471392,2,3276.7378779591704,31,-38.47747211735696
10,C2,A5,840.3824324005782,12,73026.40822282185,31,70.03186936671484
11,C2,A6,561.3601662569507,10,67083.42326687946,31,56.13601662569507
0,C1,A1,17.37385720903893,2,154.03580814418453,32,8.686928604519466
1,C1,A2,28.548853061914077,2,846.4009061165076,32,14.274426530957038
2,C1,A3,55.8397269746379,2,1582.9368449025094,32,27.91986348731895
3,C1,A4,85.546072059653,2,3718.198475656641,32,42.7730360298265
4,C1,A5,181.78681186034748,4,8601.513749750387,32,45.44670296508687
5,C1,A6,1197.2625223835796,20,73715.39769465769,32,59.86312611917898
6,C2,A1,-59.04334148482469,2,1751.0803919147988,32,-29.521670742412343
7,C2,A2,37.91582323947875,2,3157.1439303064753,32,18.957911619739374
8,C2,A3,53.72645759015597,3,5220.816352490781,32,17.908819196718657
9,C2,A4,-76.95494423471392,2,3276.7378779591704,32,-38.47747211735696
10,C2,A5,840.3824324005782,12,73026.40822282185,32,70.03186936671484
11,C2,A6,495.8571323409033,11,71374.07071908633,32,45.0779211219003
0,C1,A1,17.37385720903893,2,154.03580814418453,33,8.686928604519466
1,C1,A2,28.548853061914077,2,846.4009061165076,33,14.274426530957038
2,C1,A3,55.8397269746379,2,1582.9368449025094,33,27.91986348731895
3,C1,A4,85.546072059653,2,3718.198475656641,33,42.7730360298265
4,C1,A5,181.78681186034748,4,8601.513749750387,33,45.44670296508687
5,C1,A6,1253.608379234163,21,76890.2532788841,33,59.695637106388716
6,C2,A1,-59.04334148482469,2,1751.0803919147988,33,-29.521670742412343
7,C2,A2,37.91582323947875,2,3157.1439303064753,33,18.957911619739374
8,C2,A3,53.72645759015597,3,5220.816352490781,33,17.908819196718657
9,C2,A4,-76.95494423471392,2,3276.7378779591704,33,-38.47747211735696
10,C2,A5,912.7270542149803,13,78260.15252829072,33,70.20977340115233
11,C2,A6,495.8571323409033,11,71374.07071908633,33,45.0779211219003
0,C1,A1,17.37385720903893,2,154.03580814418453,34,8.686928604519466
1,C1,A2,28.548853061914077,2,846.4009061165076,34,14.274426530957038
2,C1,A3,55.8397269746379,2,1582.9368449025094,34,27.91986348731895
3,C1,A4,85.546072059653,2,3718.198475656641,34,42.7730360298265
4,C1,A5,181.78681186034748,4,8601.513749750387,34,45.44670296508687
5,C1,A6,1309.7516081867554,22,80042.31543610731,34,59.53416400848889
6,C2,A1,-59.04334148482469,2,1751.0803919147988,34,-29.521670742412343
7,C2,A2,37.91582323947875,2,3157.1439303064753,34,18.957911619739374
8,C2,A3,53.72645759015597,3,5220.816352490781,34,17.908819196718657
9,C2,A4,-76.95494423471392,2,3276.7378779591704,34,-38.47747211735696
10,C2,A5,916.2241982288652,14,78272.38254454457,34,65.44458558777609
11,C2,A6,495.8571323409033,11,71374.07071908633,34,45.0779211219003
0,C1,A1,17.37385720903893,2,154.03580814418453,35,8.686928604519466
1,C1,A2,28.548853061914077,2,846.4009061165076,35,14.274426530957038
2,C1,A3,55.8397269746379,2,1582.9368449025094,35,27.91986348731895
3,C1,A4,85.546072059653,2,3718.198475656641,35,42.7730360298265
4,C1,A5,181.78681186034748,4,8601.513749750387,35,45.44670296508687
5,C1,A6,1368.211330857329,23,83459.85461082768,35,59.487449167709954
6,C2,A1,-59.04334148482469,2,1751.0803919147988,35,-29.521670742412343
7,C2,A2,37.91582323947875,2,3157.1439303064753,35,18.957911619739374
8,C2,A3,53.72645759015597,3,5220.816352490781,35,17.908819196718657
9,C2,A4,-76.95494423471392,2,3276.7378779591704,35,-38.47747211735696
10,C2,A5,892.2700024077952,15,78846.18604197873,35,59.48466682718635
11,C2,A6,495.8571323409033,11,71374.07071908633,35,45.0779211219003
0,C1,A1,17.37385720903893,2,154.03580814418453,36,8.686928604519466
1,C1,A2,28.548853061914077,2,846.4009061165076,36,14.274426530957038
2,C1,A3,55.8397269746379,2,1582.9368449025094,36,27.91986348731895
3,C1,A4,85.546072059653,2,3718.198475656641,36,42.7730360298265
4,C1,A5,181.78681186034748,4,8601.513749750387,36,45.44670296508687
5,C1,A6,1435.157378594624,24,87941.62791847183,36,59.79822410810934
6,C2,A1,-59.04334148482469,2,1751.0803919147988,36,-29.521670742412343
7,C2,A2,37.91582323947875,2,3157.1439303064753,36,18.957911619739374
8,C2,A3,53.72645759015597,3,5220.816352490781,36,17.908819196718657
9,C2,A4,-76.95494423471392,2,3276.7378779591704,36,-38.47747211735696
10,C2,A5,878.5306932041688,16,79034.95465937161,36,54.90816832526055
11,C2,A6,495.8571323409033,11,71374.07071908633,36,45.0779211219003
0,C1,A1,17.37385720903893,2,154.03580814418453,37,8.686928604519466
1,C1,A2,28.548853061914077,2,846.4009061165076,37,14.274426530957038
2,C1,A3,55.8397269746379,2,1582.9368449025094,37,27.91986348731895
3,C1,A4,85.546072059653,2,3718.198475656641,37,42.7730360298265
4,C1,A5,181.78681186034748,4,8601.513749750387,37,45.44670296508687
5,C1,A6,1498.5316418722257,25,91957.9251644506,37,59.941265674889024
6,C2,A1,-59.04334148482469,2,1751.0803919147988,37,-29.521670742412343
7,C2,A2,37.91582323947875,2,3157.1439303064753,37,18.957911619739374
8,C2,A3,53.72645759015597,3,5220.816352490781,37,17.908819196718657
9,C2,A4,-76.95494423471392,2,3276.7378779591704,37,-38.47747211735696
10,C2,A5,878.5306932041688,16,79034.95465937161,37,54.90816832526055
11,C2,A6,594.9048550825092,12,81184.52209938437,37,49.575404590209104
0,C1,A1,17.37385720903893,2,154.03580814418453,38,8.686928604519466
1,C1,A2,28.548853061914077,2,846.4009061165076,38,14.274426530957038
2,C1,A3,55.8397269746379,2,1582.9368449025094,38,27.91986348731895
3,C1,A4,85.546072059653,2,3718.198475656641,38,42.7730360298265
4,C1,A5,181.78681186034748,4,8601.513749750387,38,45.44670296508687
5,C1,A6,1542.5763940545487,26,93897.86535925287,38,59.32986130979033
6,C2,A1,-59.04334148482469,2,1751.0803919147988,38,-29.521670742412343
7,C2,A2,37.91582323947875,2,3157.1439303064753,38,18.957911619739374
8,C2,A3,53.72645759015597,3,5220.816352490781,38,17.908819196718657
9,C2,A4,-76.95494423471392,2,3276.7378779591704,38,-38.47747211735696
10,C2,A5,878.5306932041688,16,79034.95465937161,38,54.90816832526055
11,C2,A6,767.13782268209,13,110848.7172275426,38,59.01060174477615
0,C1,A1,17.37385720903893,2,154.03580814418453,39,8.686928604519466
1,C1,A2,28.548853061914077,2,846.4009061165076,39,14.274426530957038
2,C1,A3,55.8397269746379,2,1582.9368449025094,39,27.91986348731895
3,C1,A4,85.546072059653,2,3718.198475656641,39,42.7730360298265
4,C1,A5,181.78681186034748,4,8601.513749750387,39,45.44670296508687
5,C1,A6,1593.8636955660154,27,96528.25265558096,39,59.03198872466724
6,C2,A1,-59.04334148482469,2,1751.0803919147988,39,-29.521670742412343
7,C2,A2,37.91582323947875,2,3157.1439303064753,39,18.957911619739374
8,C2,A3,105.18617036529729,4,7868.918391390826,39,26.29654259132432
9,C2,A4,-76.95494423471392,2,3276.7378779591704,39,-38.47747211735696
10,C2,A5,878.5306932041688,16,79034.95465937161,39,54.90816832526055
11,C2,A6,767.13782268209,13,110848.7172275426,39,59.01060174477615
0,C1,A1,17.37385720903893,2,154.03580814418453,40,8.686928604519466
1,C1,A2,28.548853061914077,2,846.4009061165076,40,14.274426530957038
2,C1,A3,55.8397269746379,2,1582.9368449025094,40,27.91986348731895
3,C1,A4,85.546072059653,2,3718.198475656641,40,42.7730360298265
4,C1,A5,181.78681186034748,4,8601.513749750387,40,45.44670296508687
5,C1,A6,1641.2069346224162,28,98769.63493993248,40,58.614533379372006
6,C2,A1,-59.04334148482469,2,1751.0803919147988,40,-29.521670742412343
7,C2,A2,37.91582323947875,2,3157.1439303064753,40,18.957911619739374
8,C2,A3,105.18617036529729,4,7868.918391390826,40,26.29654259132432
9,C2,A4,-76.95494423471392,2,3276.7378779591704,40,-38.47747211735696
10,C2,A5,878.5306932041688,16,79034.95465937161,40,54.90816832526055
11,C2,A6,885.0095107608023,14,124742.45207806786,40,63.21496505434302
0,C1,A1,17.37385720903893,2,154.03580814418453,41,8.686928604519466
1,C1,A2,28.548853061914077,2,846.4009061165076,41,14.274426530957038
2,C1,A3,55.8397269746379,2,1582.9368449025094,41,27.91986348731895
3,C1,A4,85.546072059653,2,3718.198475656641,41,42.7730360298265
4,C1,A5,181.78681186034748,4,8601.513749750387,41,45.44670296508687
5,C1,A6,1671.6013489646325,29,99693.45536313881,41,57.641425826366635
6,C2,A1,-59.04334148482469,2,1751.0803919147988,41,-29.521670742412343
7,C2,A2,37.91582323947875,2,3157.1439303064753,41,18.957911619739374
8,C2,A3,105.18617036529729,4,7868.918391390826,41,26.29654259132432
9,C2,A4,-76.95494423471392,2,3276.7378779591704,41,-38.47747211735696
10,C2,A5,878.5306932041688,16,79034.95465937161,41,54.90816832526055
11,C2,A6,920.3121645239528,15,125988.72944078875,41,61.354144301596854
0,C1,A1,17.37385720903893,2,154.03580814418453,42,8.686928604519466
1,C1,A2,28.548853061914077,2,846.4009061165076,42,14.274426530957038
2,C1,A3,55.8397269746379,2,1582.9368449025094,42,27.91986348731895
3,C1,A4,85.546072059653,2,3718.198475656641,42,42.7730360298265
4,C1,A5,181.78681186034748,4,8601.513749750387,42,45.44670296508687
5,C1,A6,1719.994424504062,30,102035.34512330376,42,57.33314748346873
6,C2,A1,-59.04334148482469,2,1751.0803919147988,42,-29.521670742412343
7,C2,A2,37.91582323947875,2,3157.1439303064753,42,18.957911619739374
8,C2,A3,105.18617036529729,4,7868.918391390826,42,26.29654259132432
9,C2,A4,-76.95494423471392,2,3276.7378779591704,42,-38.47747211735696
10,C2,A5,878.5306932041688,16,79034.95465937161,42,54.90816832526055
11,C2,A6,1034.0998260161189,16,138936.36134864448,42,64.63123912600743
0,C1,A1,17.37385720903893,2,154.03580814418453,43,8.686928604519466
1,C1,A2,28.548853061914077,2,846.4009061165076,43,14.274426530957038
2,C1,A3,55.8397269746379,2,1582.9368449025094,43,27.91986348731895
3,C1,A4,85.546072059653,2,3718.198475656641,43,42.7730360298265
4,C1,A5,181.78681186034748,4,8601.513749750387,43,45.44670296508687
5,C1,A6,1785.453722739158,31,106320.264848735,43,57.595281378682515
6,C2,A1,-59.04334148482469,2,1751.0803919147988,43,-29.521670742412343
7,C2,A2,37.91582323947875,2,3157.1439303064753,43,18.957911619739374
8,C2,A3,105.18617036529729,4,7868.918391390826,43,26.29654259132432
9,C2,A4,-76.95494423471392,2,3276.7378779591704,43,-38.47747211735696
10,C2,A5,892.8794279566133,17,79240.8408483676,43,52.52231929156549
11,C2,A6,1034.0998260161189,16,138936.36134864448,43,64.63123912600743
0,C1,A1,17.37385720903893,2,154.03580814418453,44,8.686928604519466
1,C1,A2,28.548853061914077,2,846.4009061165076,44,14.274426530957038
2,C1,A3,55.8397269746379,2,1582.9368449025094,44,27.91986348731895
3,C1,A4,85.546072059653,2,3718.198475656641,44,42.7730360298265
4,C1,A5,181.78681186034748,4,8601.513749750387,44,45.44670296508687
5,C1,A6,1845.0479284443413,32,109871.73420236674,44,57.657747763885666
6,C2,A1,-59.04334148482469,2,1751.0803919147988,44,-29.521670742412343
7,C2,A2,37.91582323947875,2,3157.1439303064753,44,18.957911619739374
8,C2,A3,105.18617036529729,4,7868.918391390826,44,26.29654259132432
9,C2,A4,-76.95494423471392,2,3276.7378779591704,44,-38.47747211735696
10,C2,A5,882.0961650946124,18,79357.1196063186,44,49.005342505256245
11,C2,A6,1034.0998260161189,16,138936.36134864448,44,64.63123912600743
0,C1,A1,17.37385720903893,2,154.03580814418453,45,8.686928604519466
1,C1,A2,28.548853061914077,2,846.4009061165076,45,14.274426530957038
2,C1,A3,55.8397269746379,2,1582.9368449025094,45,27.91986348731895
3,C1,A4,85.546072059653,2,3718.198475656641,45,42.7730360298265
4,C1,A5,181.78681186034748,4,8601.513749750387,45,45.44670296508687
5,C1,A6,1902.0431287255526,33,113120.18705746211,45,57.637670567440985
6,C2,A1,-59.04334148482469,2,1751.0803919147988,45,-29.521670742412343
7,C2,A2,37.91582323947875,2,3157.1439303064753,45,18.957911619739374
8,C2,A3,105.18617036529729,4,7868.918391390826,45,26.29654259132432
9,C2,A4,-76.95494423471392,2,3276.7378779591704,45,-38.47747211735696
10,C2,A5,919.7551862380092,19,80775.32147979742,45,48.40816769673732
11,C2,A6,1034.0998260161189,16,138936.36134864448,45,64.63123912600743
0,C1,A1,17.37385720903893,2,154.03580814418453,46,8.686928604519466
1,C1,A2,28.548853061914077,2,846.4009061165076,46,14.274426530957038
2,C1,A3,55.8397269746379,2,1582.9368449025094,46,27.91986348731895
3,C1,A4,85.546072059653,2,3718.198475656641,46,42.7730360298265
4,C1,A5,181.78681186034748,4,8601.513749750387,46,45.44670296508687
5,C1,A6,1959.423630604657,34,116412.70905336,46,57.63010678248992
6,C2,A1,-59.04334148482469,2,1751.0803919147988,46,-29.521670742412343
7,C2,A2,37.91582323947875,2,3157.1439303064753,46,18.957911619739374
8,C2,A3,105.18617036529729,4,7868.918391390826,46,26.29654259132432
9,C2,A4,-76.95494423471392,2,3276.7378779591704,46,-38.47747211735696
10,C2,A5,919.7551862380092,19,80775.32147979742,46,48.40816769673732
11,C2,A6,1036.7202592304168,17,138943.22801887512,46,60.98354466061275
0,C1,A1,17.37385720903893,2,154.03580814418453,47,8.686928604519466
1,C1,A2,28.548853061914077,2,846.4009061165076,47,14.274426530957038
2,C1,A3,55.8397269746379,2,1582.9368449025094,47,27.91986348731895
3,C1,A4,85.546072059653,2,3718.198475656641,47,42.7730360298265
4,C1,A5,181.78681186034748,4,8601.513749750387,47,45.44670296508687
5,C1,A6,2029.6725569913451,35,121347.62071184235,47,57.990644485467
6,C2,A1,-59.04334148482469,2,1751.0803919147988,47,-29.521670742412343
7,C2,A2,37.91582323947875,2,3157.1439303064753,47,18.957911619739374
8,C2,A3,105.18617036529729,4,7868.918391390826,47,26.29654259132432
9,C2,A4,-76.95494423471392,2,3276.7378779591704,47,-38.47747211735696
10,C2,A5,1015.4923098416863,20,89940.91831570315,47,50.774615492084315
11,C2,A6,1036.7202592304168,17,138943.22801887512,47,60.98354466061275
0,C1,A1,17.37385720903893,2,154.03580814418453,48,8.686928604519466
1,C1,A2,28.548853061914077,2,846.4009061165076,48,14.274426530957038
2,C1,A3,55.8397269746379,2,1582.9368449025094,48,27.91986348731895
3,C1,A4,85.546072059653,2,3718.198475656641,48,42.7730360298265
4,C1,A5,181.78681186034748,4,8601.513749750387,48,45.44670296508687
5,C1,A6,2081.813112727612,36,124066.25826432908,48,57.828142020211445
6,C2,A1,-59.04334148482469,2,1751.0803919147988,48,-29.521670742412343
7,C2,A2,37.91582323947875,2,3157.1439303064753,48,18.957911619739374
8,C2,A3,105.18617036529729,4,7868.918391390826,48,26.29654259132432
9,C2,A4,-76.95494423471392,2,3276.7378779591704,48,-38.47747211735696
10,C2,A5,1015.4923098416863,20,89940.91831570315,48,50.774615492084315
11,C2,A6,1100.8371871747815,18,143054.20846789802,48,61.15762150971008
0,C1,A1,17.37385720903893,2,154.03580814418453,49,8.686928604519466
1,C1,A2,28.548853061914077,2,846.4009061165076,49,14.274426530957038
2,C1,A3,55.8397269746379,2,1582.9368449025094,49,27.91986348731895
3,C1,A4,85.546072059653,2,3718.198475656641,49,42.7730360298265
4,C1,A5,181.78681186034748,4,8601.513749750387,49,45.44670296508687
5,C1,A6,2143.521563747519,37,127874.19119160529,49,57.93301523641943
6,C2,A1,-59.04334148482469,2,1751.0803919147988,49,-29.521670742412343
7,C2,A2,69.50474474569515,3,4155.0038922323765,49,23.16824824856505
8,C2,A3,105.18617036529729,4,7868.918391390826,49,26.29654259132432
9,C2,A4,-76.95494423471392,2,3276.7378779591704,49,-38.47747211735696
10,C2,A5,1015.4923098416863,20,89940.91831570315,49,50.774615492084315
11,C2,A6,1100.8371871747815,18,143054.20846789802,49,61.15762150971008
0,C1,A1,17.37385720903893,2,154.03580814418453,50,8.686928604519466
1,C1,A2,28.548853061914077,2,846.4009061165076,50,14.274426530957038
2,C1,A3,55.8397269746379,2,1582.9368449025094,50,27.91986348731895
3,C1,A4,85.546072059653,2,3718.198475656641,50,42.7730360298265
4,C1,A5,181.78681186034748,4,8601.513749750387,50,45.44670296508687
5,C1,A6,2198.123608169898,38,130855.57444670881,50,57.84535810973416
6,C2,A1,-59.04334148482469,2,1751.0803919147988,50,-29.521670742412343
7,C2,A2,69.50474474569515,3,4155.0038922323765,50,23.16824824856505
8,C2,A3,105.18617036529729,4,7868.918391390826,50,26.29654259132432
9,C2,A4,-76.95494423471392,2,3276.7378779591704,50,-38.47747211735696
10,C2,A5,1015.4923098416863,20,89940.91831570315,50,50.774615492084315
11,C2,A6,1057.0694517827612,19,144969.82312924392,50,55.635234304355855
0,C1,A1,17.37385720903893,2,154.03580814418453,51,8.686928604519466
1,C1,A2,28.548853061914077,2,846.4009061165076,51,14.274426530957038
2,C1,A3,55.8397269746379,2,1582.9368449025094,51,27.91986348731895
3,C1,A4,85.546072059653,2,3718.198475656641,51,42.7730360298265
4,C1,A5,181.78681186034748,4,8601.513749750387,51,45.44670296508687
5,C1,A6,2268.969775023671,39,135874.7538045814,51,58.17871218009413
6,C2,A1,-59.04334148482469,2,1751.0803919147988,51,-29.521670742412343
7,C2,A2,69.50474474569515,3,4155.0038922323765,51,23.16824824856505
8,C2,A3,105.18617036529729,4,7868.918391390826,51,26.29654259132432
9,C2,A4,-76.95494423471392,2,3276.7378779591704,51,-38.47747211735696
10,C2,A5,1015.4923098416863,20,89940.91831570315,51,50.774615492084315
11,C2,A6,1087.875553715777,20,145918.83904555126,51,54.39377768578885
0,C1,A1,17.37385720903893,2,154.03580814418453,52,8.686928604519466
1,C1,A2,28.548853061914077,2,846.4009061165076,52,14.274426530957038
2,C1,A3,55.8397269746379,2,1582.9368449025094,52,27.91986348731895
3,C1,A4,85.546072059653,2,3718.198475656641,52,42.7730360298265
4,C1,A5,181.78681186034748,4,8601.513749750387,52,45.44670296508687
5,C1,A6,2314.9676733119954,40,137990.56045152445,52,57.87419183279989
6,C2,A1,-59.04334148482469,2,1751.0803919147988,52,-29.521670742412343
7,C2,A2,69.50474474569515,3,4155.0038922323765,52,23.16824824856505
8,C2,A3,105.18617036529729,4,7868.918391390826,52,26.29654259132432
9,C2,A4,-76.95494423471392,2,3276.7378779591704,52,-38.47747211735696
10,C2,A5,1015.4923098416863,20,89940.91831570315,52,50.774615492084315
11,C2,A6,1155.9515955847178,21,150553.18652209305,52,55.04531407546275
0,C1,A1,17.37385720903893,2,154.03580814418453,53,8.686928604519466
1,C1,A2,28.548853061914077,2,846.4009061165076,53,14.274426530957038
2,C1,A3,55.8397269746379,2,1582.9368449025094,53,27.91986348731895
3,C1,A4,85.546072059653,2,3718.198475656641,53,42.7730360298265
4,C1,A5,181.78681186034748,4,8601.513749750387,53,45.44670296508687
5,C1,A6,2374.4588623359878,41,141529.76202301276,53,57.91363078868263
6,C2,A1,-59.04334148482469,2,1751.0803919147988,53,-29.521670742412343
7,C2,A2,69.50474474569515,3,4155.0038922323765,53,23.16824824856505
8,C2,A3,105.18617036529729,4,7868.918391390826,53,26.29654259132432
9,C2,A4,-76.95494423471392,2,3276.7378779591704,53,-38.47747211735696
10,C2,A5,1074.56814987498,21,93430.87319134249,53,51.16991189880857
11,C2,A6,1155.9515955847178,21,150553.18652209305,53,55.04531407546275
0,C1,A1,17.37385720903893,2,154.03580814418453,54,8.686928604519466
1,C1,A2,28.548853061914077,2,846.4009061165076,54,14.274426530957038
2,C1,A3,55.8397269746379,2,1582.9368449025094,54,27.91986348731895
3,C1,A4,85.546072059653,2,3718.198475656641,54,42.7730360298265
4,C1,A5,181.78681186034748,4,8601.513749750387,54,45.44670296508687
5,C1,A6,2428.402289763277,42,144439.65538561606,54,57.81910213722089
6,C2,A1,-59.04334148482469,2,1751.0803919147988,54,-29.521670742412343
7,C2,A2,69.50474474569515,3,4155.0038922323765,54,23.16824824856505
8,C2,A3,86.86517652049051,5,8204.577206852273,54,17.373035304098103
9,C2,A4,-76.95494423471392,2,3276.7378779591704,54,-38.47747211735696
10,C2,A5,1074.56814987498,21,93430.87319134249,54,51.16991189880857
11,C2,A6,1155.9515955847178,21,150553.18652209305,54,55.04531407546275
0,C1,A1,17.37385720903893,2,154.03580814418453,55,8.686928604519466
1,C1,A2,28.548853061914077,2,846.4009061165076,55,14.274426530957038
2,C1,A3,55.8397269746379,2,1582.9368449025094,55,27.91986348731895
3,C1,A4,85.546072059653,2,3718.198475656641,55,42.7730360298265
4,C1,A5,181.78681186034748,4,8601.513749750387,55,45.44670296508687
5,C1,A6,2484.273628894473,43,147561.26192192914,55,57.77380532312728
6,C2,A1,-59.04334148482469,2,1751.0803919147988,55,-29.521670742412343
7,C2,A2,69.50474474569515,3,4155.0038922323765,55,23.16824824856505
8,C2,A3,86.86517652049051,5,8204.577206852273,55,17.373035304098103
9,C2,A4,-76.95494423471392,2,3276.7378779591704,55,-38.47747211735696
10,C2,A5,1074.56814987498,21,93430.87319134249,55,51.16991189880857
11,C2,A6,1231.9930492513813,22,156335.48919783242,55,55.999684056880966
0,C1,A1,17.37385720903893,2,154.03580814418453,56,8.686928604519466
1,C1,A2,28.548853061914077,2,846.4009061165076,56,14.274426530957038
2,C1,A3,55.8397269746379,2,1582.9368449025094,56,27.91986348731895
3,C1,A4,85.546072059653,2,3718.198475656641,56,42.7730360298265
4,C1,A5,181.78681186034748,4,8601.513749750387,56,45.44670296508687
5,C1,A6,2546.7333998576482,44,151462.4849107014,56,57.88030454221928
6,C2,A1,-59.04334148482469,2,1751.0803919147988,56,-29.521670742412343
7,C2,A2,69.50474474569515,3,4155.0038922323765,56,23.16824824856505
8,C2,A3,86.86517652049051,5,8204.577206852273,56,17.373035304098103
9,C2,A4,-76.95494423471392,2,3276.7378779591704,56,-38.47747211735696
10,C2,A5,1074.56814987498,21,93430.87319134249,56,51.16991189880857
11,C2,A6,1299.2996935952485,23,160865.67357066422,56,56.49129102588037
0,C1,A1,17.37385720903893,2,154.03580814418453,57,8.686928604519466
1,C1,A2,28.548853061914077,2,846.4009061165076,57,14.274426530957038
2,C1,A3,55.8397269746379,2,1582.9368449025094,57,27.91986348731895
3,C1,A4,85.546072059653,2,3718.198475656641,57,42.7730360298265
4,C1,A5,181.78681186034748,4,8601.513749750387,57,45.44670296508687
5,C1,A6,2604.443346699915,45,154792.9228752387,57,57.876518815553666
6,C2,A1,-59.04334148482469,2,1751.0803919147988,57,-29.521670742412343
7,C2,A2,69.50474474569515,3,4155.0038922323765,57,23.16824824856505
8,C2,A3,86.86517652049051,5,8204.577206852273,57,17.373035304098103
9,C2,A4,-76.95494423471392,2,3276.7378779591704,57,-38.47747211735696
10,C2,A5,1211.521777734981,22,112187.16937535812,57,55.06917171522641
11,C2,A6,1299.2996935952485,23,160865.67357066422,57,56.49129102588037
0,C1,A1,17.37385720903893,2,154.03580814418453,58,8.686928604519466
1,C1,A2,28.548853061914077,2,846.4009061165076,58,14.274426530957038
2,C1,A3,55.8397269746379,2,1582.9368449025094,58,27.91986348731895
3,C1,A4,85.546072059653,2,3718.198475656641,58,42.7730360298265
4,C1,A5,181.78681186034748,4,8601.513749750387,58,45.44670296508687
5,C1,A6,2677.328150097885,46,160105.11744159946,58,58.20278587169315
6,C2,A1,-59.04334148482469,2,1751.0803919147988,58,-29.521670742412343
7,C2,A2,69.50474474569515,3,4155.0038922323765,58,23.16824824856505
8,C2,A3,86.86517652049051,5,8204.577206852273,58,17.373035304098103
9,C2,A4,-76.95494423471392,2,3276.7378779591704,58,-38.47747211735696
10,C2,A5,1270.4417201917067,23,115658.728994462,58,55.23659653007421
11,C2,A6,1299.2996935952485,23,160865.67357066422,58,56.49129102588037
0,C1,A1,17.37385720903893,2,154.03580814418453,59,8.686928604519466
1,C1,A2,28.548853061914077,2,846.4009061165076,59,14.274426530957038
2,C1,A3,55.8397269746379,2,1582.9368449025094,59,27.91986348731895
3,C1,A4,85.546072059653,2,3718.198475656641,59,42.7730360298265
4,C1,A5,181.78681186034748,4,8601.513749750387,59,45.44670296508687
5,C1,A6,2731.509106789131,47,163040.69350957818,59,58.11721503806661
6,C2,A1,-59.04334148482469,2,1751.0803919147988,59,-29.521670742412343
7,C2,A2,69.50474474569515,3,4155.0038922323765,59,23.16824824856505
8,C2,A3,86.86517652049051,5,8204.577206852273,59,17.373035304098103
9,C2,A4,-76.95494423471392,2,3276.7378779591704,59,-38.47747211735696
10,C2,A5,1385.6635517584714,24,128934.79946406186,59,57.73598132326964
11,C2,A6,1299.2996935952485,23,160865.67357066422,59,56.49129102588037
0,C1,A1,17.37385720903893,2,154.03580814418453,60,8.686928604519466
1,C1,A2,28.548853061914077,2,846.4009061165076,60,14.274426530957038
2,C1,A3,55.8397269746379,2,1582.9368449025094,60,27.91986348731895
3,C1,A4,85.546072059653,2,3718.198475656641,60,42.7730360298265
4,C1,A5,181.78681186034748,4,8601.513749750387,60,45.44670296508687
5,C1,A6,2801.795873862009,48,167980.92313513515,60,58.37074737212519
6,C2,A1,-59.04334148482469,2,1751.0803919147988,60,-29.521670742412343
7,C2,A2,69.50474474569515,3,4155.0038922323765,60,23.16824824856505
8,C2,A3,86.86517652049051,5,8204.577206852273,60,17.373035304098103
9,C2,A4,-76.95494423471392,2,3276.7378779591704,60,-38.47747211735696
10,C2,A5,1459.6107354453015,25,134402.98543927568,60,58.384429417812065
11,C2,A6,1299.2996935952485,23,160865.67357066422,60,56.49129102588037
0,C1,A1,17.37385720903893,2,154.03580814418453,61,8.686928604519466
1,C1,A2,28.548853061914077,2,846.4009061165076,61,14.274426530957038
2,C1,A3,55.8397269746379,2,1582.9368449025094,61,27.91986348731895
3,C1,A4,85.546072059653,2,3718.198475656641,61,42.7730360298265
4,C1,A5,181.78681186034748,4,8601.513749750387,61,45.44670296508687
5,C1,A6,2862.118658181783,49,171619.76144322508,61,58.41058486085271
6,C2,A1,-59.04334148482469,2,1751.0803919147988,61,-29.521670742412343
7,C2,A2,69.50474474569515,3,4155.0038922323765,61,23.16824824856505
8,C2,A3,86.86517652049051,5,8204.577206852273,61,17.373035304098103
9,C2,A4,-76.95494423471392,2,3276.7378779591704,61,-38.47747211735696
10,C2,A5,1459.6107354453015,25,134402.98543927568,61,58.384429417812065
11,C2,A6,1336.3923704912518,24,162241.54024997551,61,55.68301543713549
0,C1,A1,17.37385720903893,2,154.03580814418453,62,8.686928604519466
1,C1,A2,28.548853061914077,2,846.4009061165076,62,14.274426530957038
2,C1,A3,55.8397269746379,2,1582.9368449025094,62,27.91986348731895
3,C1,A4,85.546072059653,2,3718.198475656641,62,42.7730360298265
4,C1,A5,181.78681186034748,4,8601.513749750387,62,45.44670296508687
5,C1,A6,2918.4453939456885,50,174792.46260504195,62,58.36890787891377
6,C2,A1,-59.04334148482469,2,1751.0803919147988,62,-29.521670742412343
7,C2,A2,69.50474474569515,3,4155.0038922323765,62,23.16824824856505
8,C2,A3,86.86517652049051,5,8204.577206852273,62,17.373035304098103
9,C2,A4,-76.95494423471392,2,3276.7378779591704,62,-38.47747211735696
10,C2,A5,1515.885122834559,26,137569.7921153119,62,58.30327395517535
11,C2,A6,1336.3923704912518,24,162241.54024997551,62,55.68301543713549
0,C1,A1,17.37385720903893,2,154.03580814418453,63,8.686928604519466
1,C1,A2,28.548853061914077,2,846.4009061165076,63,14.274426530957038
2,C1,A3,55.8397269746379,2,1582.9368449025094,63,27.91986348731895
3,C1,A4,85.546072059653,2,3718.198475656641,63,42.7730360298265
4,C1,A5,181.78681186034748,4,8601.513749750387,63,45.44670296508687
5,C1,A6,2964.2922313284557,51,176894.39510304388,63,58.123377084871684
6,C2,A1,-59.04334148482469,2,1751.0803919147988,63,-29.521670742412343
7,C2,A2,69.50474474569515,3,4155.0038922323765,63,23.16824824856505
8,C2,A3,86.86517652049051,5,8204.577206852273,63,17.373035304098103
9,C2,A4,-76.95494423471392,2,3276.7378779591704,63,-38.47747211735696
10,C2,A5,1587.656183194204,27,142720.87722045972,63,58.802080859044594
11,C2,A6,1336.3923704912518,24,162241.54024997551,63,55.68301543713549
0,C1,A1,17.37385720903893,2,154.03580814418453,64,8.686928604519466
1,C1,A2,28.548853061914077,2,846.4009061165076,64,14.274426530957038
2,C1,A3,55.8397269746379,2,1582.9368449025094,64,27.91986348731895
3,C1,A4,85.546072059653,2,3718.198475656641,64,42.7730360298265
4,C1,A5,181.78681186034748,4,8601.513749750387,64,45.44670296508687
5,C1,A6,3030.9749041543023,52,181340.97395824274,64,58.287978926044275
6,C2,A1,-59.04334148482469,2,1751.0803919147988,64,-29.521670742412343
7,C2,A2,69.50474474569515,3,4155.0038922323765,64,23.16824824856505
8,C2,A3,86.86517652049051,5,8204.577206852273,64,17.373035304098103
9,C2,A4,-76.95494423471392,2,3276.7378779591704,64,-38.47747211735696
10,C2,A5,1673.9605126734534,28,150169.31450732253,64,59.784304024051906
11,C2,A6,1336.3923704912518,24,162241.54024997551,64,55.68301543713549
0,C1,A1,17.37385720903893,2,154.03580814418453,65,8.686928604519466
1,C1,A2,28.548853061914077,2,846.4009061165076,65,14.274426530957038
2,C1,A3,55.8397269746379,2,1582.9368449025094,65,27.91986348731895
3,C1,A4,85.546072059653,2,3718.198475656641,65,42.7730360298265
4,C1,A5,181.78681186034748,4,8601.513749750387,65,45.44670296508687
5,C1,A6,3078.3379067831206,53,183584.22797626027,65,58.08184729779473
6,C2,A1,-59.04334148482469,2,1751.0803919147988,65,-29.521670742412343
7,C2,A2,69.50474474569515,3,4155.0038922323765,65,23.16824824856505
8,C2,A3,86.86517652049051,5,8204.577206852273,65,17.373035304098103
9,C2,A4,-76.95494423471392,2,3276.7378779591704,65,-38.47747211735696
10,C2,A5,1802.6496857355808,29,166730.21777073687,65,62.160333990882094
11,C2,A6,1336.3923704912518,24,162241.54024997551,65,55.68301543713549
0,C1,A1,17.37385720903893,2,154.03580814418453,66,8.686928604519466
1,C1,A2,28.548853061914077,2,846.4009061165076,66,14.274426530957038
2,C1,A3,55.8397269746379,2,1582.9368449025094,66,27.91986348731895
3,C1,A4,85.546072059653,2,3718.198475656641,66,42.7730360298265
4,C1,A5,181.78681186034748,4,8601.513749750387,66,45.44670296508687
5,C1,A6,3133.0635753612205,54,186579.12677758018,66,58.0196958400226
6,C2,A1,-59.04334148482469,2,1751.0803919147988,66,-29.521670742412343
7,C2,A2,69.50474474569515,3,4155.0038922323765,66,23.16824824856505
8,C2,A3,86.86517652049051,5,8204.577206852273,66,17.373035304098103
9,C2,A4,-76.95494423471392,2,3276.7378779591704,66,-38.47747211735696
10,C2,A5,1969.6613248116269,30,194623.10535760413,66,65.65537749372089
11,C2,A6,1336.3923704912518,24,162241.54024997551,66,55.68301543713549
0,C1,A1,17.37385720903893,2,154.03580814418453,67,8.686928604519466
1,C1,A2,28.548853061914077,2,846.4009061165076,67,14.274426530957038
2,C1,A3,55.8397269746379,2,1582.9368449025094,67,27.91986348731895
3,C1,A4,85.546072059653,2,3718.198475656641,67,42.7730360298265
4,C1,A5,181.78681186034748,4,8601.513749750387,67,45.44670296508687
5,C1,A6,3181.810498405241,55,188955.38928383988,67,57.85109997100438
6,C2,A1,-59.04334148482469,2,1751.0803919147988,67,-29.521670742412343
7,C2,A2,69.50474474569515,3,4155.0038922323765,67,23.16824824856505
8,C2,A3,86.86517652049051,5,8204.577206852273,67,17.373035304098103
9,C2,A4,-76.95494423471392,2,3276.7378779591704,67,-38.47747211735696
10,C2,A5,1969.6613248116269,30,194623.10535760413,67,65.65537749372089
11,C2,A6,1366.7657362036011,25,163164.08159467162,67,54.67062944814405
0,C1,A1,17.37385720903893,2,154.03580814418453,68,8.686928604519466
1,C1,A2,28.548853061914077,2,846.4009061165076,68,14.274426530957038
2,C1,A3,55.8397269746379,2,1582.9368449025094,68,27.91986348731895
3,C1,A4,85.546072059653,2,3718.198475656641,68,42.7730360298265
4,C1,A5,181.78681186034748,4,8601.513749750387,68,45.44670296508687
5,C1,A6,3239.606273745905,56,192295.74093106829,68,57.85011203117688
6,C2,A1,-59.04334148482469,2,1751.0803919147988,68,-29.521670742412343
7,C2,A2,168.14099084597217,4,13884.112936986792,68,42.03524771149304
8,C2,A3,86.86517652049051,5,8204.577206852273,68,17.373035304098103
9,C2,A4,-76.95494423471392,2,3276.7378779591704,68,-38.47747211735696
10,C2,A5,1969.6613248116269,30,194623.10535760413,68,65.65537749372089
11,C2,A6,1366.7657362036011,25,163164.08159467162,68,54.67062944814405
0,C1,A1,17.37385720903893,2,154.03580814418453,69,8.686928604519466
1,C1,A2,28.548853061914077,2,846.4009061165076,69,14.274426530957038
2,C1,A3,55.8397269746379,2,1582.9368449025094,69,27.91986348731895
3,C1,A4,85.546072059653,2,3718.198475656641,69,42.7730360298265
4,C1,A5,181.78681186034748,4,8601.513749750387,69,45.44670296508687
5,C1,A6,3313.2147400716967,57,197713.9472459036,69,58.126574387222746
6,C2,A1,-59.04334148482469,2,1751.0803919147988,69,-29.521670742412343
7,C2,A2,168.14099084597217,4,13884.112936986792,69,42.03524771149304
8,C2,A3,86.86517652049051,5,8204.577206852273,69,17.373035304098103
9,C2,A4,-76.95494423471392,2,3276.7378779591704,69,-38.47747211735696
10,C2,A5,2022.155859050815,31,197378.78148259348,69,65.23083416292951
11,C2,A6,1366.7657362036011,25,163164.08159467162,69,54.67062944814405
0,C1,A1,17.37385720903893,2,154.03580814418453,70,8.686928604519466
1,C1,A2,28.548853061914077,2,846.4009061165076,70,14.274426530957038
2,C1,A3,55.8397269746379,2,1582.9368449025094,70,27.91986348731895
3,C1,A4,85.546072059653,2,3718.198475656641,70,42.7730360298265
4,C1,A5,181.78681186034748,4,8601.513749750387,70,45.44670296508687
5,C1,A6,3373.1665594553087,58,201308.16789330886,70,58.15804412853981
6,C2,A1,-59.04334148482469,2,1751.0803919147988,70,-29.521670742412343
7,C2,A2,168.14099084597217,4,13884.112936986792,70,42.03524771149304
8,C2,A3,86.86517652049051,5,8204.577206852273,70,17.373035304098103
9,C2,A4,-76.95494423471392,2,3276.7378779591704,70,-38.47747211735696
10,C2,A5,2079.7566616208965,32,200696.63393931102,70,64.99239567565301
11,C2,A6,1366.7657362036011,25,163164.08159467162,70,54.67062944814405
0,C1,A1,17.37385720903893,2,154.03580814418453,71,8.686928604519466
1,C1,A2,28.548853061914077,2,846.4009061165076,71,14.274426530957038
2,C1,A3,55.8397269746379,2,1582.9368449025094,71,27.91986348731895
3,C1,A4,85.546072059653,2,3718.198475656641,71,42.7730360298265
4,C1,A5,181.78681186034748,4,8601.513749750387,71,45.44670296508687
5,C1,A6,3433.2342139282605,59,204916.29100719077,71,58.19041040556374
6,C2,A1,-59.04334148482469,2,1751.0803919147988,71,-29.521670742412343
7,C2,A2,168.14099084597217,4,13884.112936986792,71,42.03524771149304
8,C2,A3,86.86517652049051,5,8204.577206852273,71,17.373035304098103
9,C2,A4,-76.95494423471392,2,3276.7378779591704,71,-38.47747211735696
10,C2,A5,2079.7566616208965,32,200696.63393931102,71,64.99239567565301
11,C2,A6,1470.1664800437516,26,173855.7954213681,71,56.54486461706737
0,C1,A1,17.37385720903893,2,154.03580814418453,72,8.686928604519466
1,C1,A2,28.548853061914077,2,846.4009061165076,72,14.274426530957038
2,C1,A3,55.8397269746379,2,1582.9368449025094,72,27.91986348731895
3,C1,A4,85.546072059653,2,3718.198475656641,72,42.7730360298265
4,C1,A5,181.78681186034748,4,8601.513749750387,72,45.44670296508687
5,C1,A6,3500.881434314333,60,209492.43743315272,72,58.34802390523888
6,C2,A1,-59.04334148482469,2,1751.0803919147988,72,-29.521670742412343
7,C2,A2,168.14099084597217,4,13884.112936986792,72,42.03524771149304
8,C2,A3,86.86517652049051,5,8204.577206852273,72,17.373035304098103
9,C2,A4,-76.95494423471392,2,3276.7378779591704,72,-38.47747211735696
10,C2,A5,2079.7566616208965,32,200696.63393931102,72,64.99239567565301
11,C2,A6,1588.955496090552,27,187966.6257547351,72,58.850203558909335
0,C1,A1,17.37385720903893,2,154.03580814418453,73,8.686928604519466
1,C1,A2,28.548853061914077,2,846.4009061165076,73,14.274426530957038
2,C1,A3,55.8397269746379,2,1582.9368449025094,73,27.91986348731895
3,C1,A4,85.546072059653,2,3718.198475656641,73,42.7730360298265
4,C1,A5,181.78681186034748,4,8601.513749750387,73,45.44670296508687
5,C1,A6,3562.380260986768,61,213274.54311523886,73,58.39967640961915
6,C2,A1,-59.04334148482469,2,1751.0803919147988,73,-29.521670742412343
7,C2,A2,168.14099084597217,4,13884.112936986792,73,42.03524771149304
8,C2,A3,86.86517652049051,5,8204.577206852273,73,17.373035304098103
9,C2,A4,-76.95494423471392,2,3276.7378779591704,73,-38.47747211735696
10,C2,A5,2062.3299613626446,33,201000.32382120195,73,62.49484731401953
11,C2,A6,1588.955496090552,27,187966.6257547351,73,58.850203558909335
0,C1,A1,17.37385720903893,2,154.03580814418453,74,8.686928604519466
1,C1,A2,28.548853061914077,2,846.4009061165076,74,14.274426530957038
2,C1,A3,55.8397269746379,2,1582.9368449025094,74,27.91986348731895
3,C1,A4,85.546072059653,2,3718.198475656641,74,42.7730360298265
4,C1,A5,181.78681186034748,4,8601.513749750387,74,45.44670296508687
5,C1,A6,3606.178751240735,62,215192.85086376575,74,58.16417340710863
6,C2,A1,-59.04334148482469,2,1751.0803919147988,74,-29.521670742412343
7,C2,A2,168.14099084597217,4,13884.112936986792,74,42.03524771149304
8,C2,A3,86.86517652049051,5,8204.577206852273,74,17.373035304098103
9,C2,A4,-76.95494423471392,2,3276.7378779591704,74,-38.47747211735696
10,C2,A5,2181.2639363524627,34,215145.61422808067,74,64.15482165742537
11,C2,A6,1588.955496090552,27,187966.6257547351,74,58.850203558909335
0,C1,A1,17.37385720903893,2,154.03580814418453,75,8.686928604519466
1,C1,A2,28.548853061914077,2,846.4009061165076,75,14.274426530957038
2,C1,A3,55.8397269746379,2,1582.9368449025094,75,27.91986348731895
3,C1,A4,85.546072059653,2,3718.198475656641,75,42.7730360298265
4,C1,A5,181.78681186034748,4,8601.513749750387,75,45.44670296508687
5,C1,A6,3666.0683775865264,63,218779.61820760425,75,58.19156154899248
6,C2,A1,-59.04334148482469,2,1751.0803919147988,75,-29.521670742412343
7,C2,A2,168.14099084597217,4,13884.112936986792,75,42.03524771149304
8,C2,A3,86.86517652049051,5,8204.577206852273,75,17.373035304098103
9,C2,A4,-76.95494423471392,2,3276.7378779591704,75,-38.47747211735696
10,C2,A5,2203.921555096141,35,215658.98191521454,75,62.96918728846118
11,C2,A6,1588.955496090552,27,187966.6257547351,75,58.850203558909335
0,C1,A1,17.37385720903893,2,154.03580814418453,76,8.686928604519466
1,C1,A2,28.548853061914077,2,846.4009061165076,76,14.274426530957038
2,C1,A3,55.8397269746379,2,1582.9368449025094,76,27.91986348731895
3,C1,A4,85.546072059653,2,3718.198475656641,76,42.7730360298265
4,C1,A5,181.78681186034748,4,8601.513749750387,76,45.44670296508687
5,C1,A6,3719.010605772479,64,221582.49773289767,76,58.10954071519498
6,C2,A1,-59.04334148482469,2,1751.0803919147988,76,-29.521670742412343
7,C2,A2,168.14099084597217,4,13884.112936986792,76,42.03524771149304
8,C2,A3,187.89450969591223,6,18411.503368722642,76,31.315751615985373
9,C2,A4,-76.95494423471392,2,3276.7378779591704,76,-38.47747211735696
10,C2,A5,2203.921555096141,35,215658.98191521454,76,62.96918728846118
11,C2,A6,1588.955496090552,27,187966.6257547351,76,58.850203558909335
0,C1,A1,17.37385720903893,2,154.03580814418453,77,8.686928604519466
1,C1,A2,28.548853061914077,2,846.4009061165076,77,14.274426530957038
2,C1,A3,55.8397269746379,2,1582.9368449025094,77,27.91986348731895
3,C1,A4,85.546072059653,2,3718.198475656641,77,42.7730360298265
4,C1,A5,181.78681186034748,4,8601.513749750387,77,45.44670296508687
5,C1,A6,3760.742363117959,65,223324.0373040397,77,57.85757481719937
6,C2,A1,-59.04334148482469,2,1751.0803919147988,77,-29.521670742412343
7,C2,A2,168.14099084597217,4,13884.112936986792,77,42.03524771149304
8,C2,A3,187.89450969591223,6,18411.503368722642,77,31.315751615985373
9,C2,A4,-76.95494423471392,2,3276.7378779591704,77,-38.47747211735696
10,C2,A5,2227.4483188853883,36,216212.49052960952,77,61.87356441348301
11,C2,A6,1588.955496090552,27,187966.6257547351,77,58.850203558909335
0,C1,A1,17.37385720903893,2,154.03580814418453,78,8.686928604519466
1,C1,A2,28.548853061914077,2,846.4009061165076,78,14.274426530957038
2,C1,A3,55.8397269746379,2,1582.9368449025094,78,27.91986348731895
3,C1,A4,85.546072059653,2,3718.198475656641,78,42.7730360298265
4,C1,A5,181.78681186034748,4,8601.513749750387,78,45.44670296508687
5,C1,A6,3819.074801512943,66,226726.7106731443,78,57.864769719893076
6,C2,A1,-59.04334148482469,2,1751.0803919147988,78,-29.521670742412343
7,C2,A2,168.14099084597217,4,13884.112936986792,78,42.03524771149304
8,C2,A3,187.89450969591223,6,18411.503368722642,78,31.315751615985373
9,C2,A4,-76.95494423471392,2,3276.7378779591704,78,-38.47747211735696
10,C2,A5,2227.4483188853883,36,216212.49052960952,78,61.87356441348301
11,C2,A6,1675.1832236268995,28,195401.84675081767,78,59.82797227238927
0,C1,A1,17.37385720903893,2,154.03580814418453,79,8.686928604519466
1,C1,A2,28.548853061914077,2,846.4009061165076,79,14.274426530957038
2,C1,A3,55.8397269746379,2,1582.9368449025094,79,27.91986348731895
3,C1,A4,85.546072059653,2,3718.198475656641,79,42.7730360298265
4,C1,A5,181.78681186034748,4,8601.513749750387,79,45.44670296508687
5,C1,A6,3899.937980488425,67,233265.56438716536,79,58.20802955952873
6,C2,A1,-59.04334148482469,2,1751.0803919147988,79,-29.521670742412343
7,C2,A2,168.14099084597217,4,13884.112936986792,79,42.03524771149304
8,C2,A3,187.89450969591223,6,18411.503368722642,79,31.315751615985373
9,C2,A4,-76.95494423471392,2,3276.7378779591704,79,-38.47747211735696
10,C2,A5,2227.4483188853883,36,216212.49052960952,79,61.87356441348301
11,C2,A6,1757.2600351440246,29,202138.4497396354,79,60.595173625656024
0,C1,A1,17.37385720903893,2,154.03580814418453,80,8.686928604519466
1,C1,A2,28.548853061914077,2,846.4009061165076,80,14.274426530957038
2,C1,A3,55.8397269746379,2,1582.9368449025094,80,27.91986348731895
3,C1,A4,85.546072059653,2,3718.198475656641,80,42.7730360298265
4,C1,A5,181.78681186034748,4,8601.513749750387,80,45.44670296508687
5,C1,A6,3968.09479251555,68,237910.9154128661,80,58.35433518405221
6,C2,A1,-59.04334148482469,2,1751.0803919147988,80,-29.521670742412343
7,C2,A2,127.40801739166194,5,15543.288063416334,80,25.48160347833239
8,C2,A3,187.89450969591223,6,18411.503368722642,80,31.315751615985373
9,C2,A4,-76.95494423471392,2,3276.7378779591704,80,-38.47747211735696
10,C2,A5,2227.4483188853883,36,216212.49052960952,80,61.87356441348301
11,C2,A6,1757.2600351440246,29,202138.4497396354,80,60.595173625656024
0,C1,A1,17.37385720903893,2,154.03580814418453,81,8.686928604519466
1,C1,A2,28.548853061914077,2,846.4009061165076,81,14.274426530957038
2,C1,A3,55.8397269746379,2,1582.9368449025094,81,27.91986348731895
3,C1,A4,85.546072059653,2,3718.198475656641,81,42.7730360298265
4,C1,A5,181.78681186034748,4,8601.513749750387,81,45.44670296508687
5,C1,A6,4020.453295162096,69,240652.3282122545,81,58.26743906032023
6,C2,A1,-59.04334148482469,2,1751.0803919147988,81,-29.521670742412343
7,C2,A2,127.40801739166194,5,15543.288063416334,81,25.48160347833239
8,C2,A3,187.89450969591223,6,18411.503368722642,81,31.315751615985373
9,C2,A4,-76.95494423471392,2,3276.7378779591704,81,-38.47747211735696
10,C2,A5,2241.244778704543,37,216402.8328331511,81,60.57418320823089
11,C2,A6,1757.2600351440246,29,202138.4497396354,81,60.595173625656024
0,C1,A1,17.37385720903893,2,154.03580814418453,82,8.686928604519466
1,C1,A2,28.548853061914077,2,846.4009061165076,82,14.274426530957038
2,C1,A3,55.8397269746379,2,1582.9368449025094,82,27.91986348731895
3,C1,A4,85.546072059653,2,3718.198475656641,82,42.7730360298265
4,C1,A5,181.78681186034748,4,8601.513749750387,82,45.44670296508687
5,C1,A6,4083.3526650615863,70,244608.65894600734,82,58.3336095008798
6,C2,A1,-59.04334148482469,2,1751.0803919147988,82,-29.521670742412343
7,C2,A2,127.40801739166194,5,15543.288063416334,82,25.48160347833239
8,C2,A3,187.89450969591223,6,18411.503368722642,82,31.315751615985373
9,C2,A4,-76.95494423471392,2,3276.7378779591704,82,-38.47747211735696
10,C2,A5,2241.244778704543,37,216402.8328331511,82,60.57418320823089
11,C2,A6,1902.4560926985143,30,223220.34486900212,82,63.41520308995048
0,C1,A1,17.37385720903893,2,154.03580814418453,83,8.686928604519466
1,C1,A2,28.548853061914077,2,846.4009061165076,83,14.274426530957038
2,C1,A3,55.8397269746379,2,1582.9368449025094,83,27.91986348731895
3,C1,A4,85.546072059653,2,3718.198475656641,83,42.7730360298265
4,C1,A5,181.78681186034748,4,8601.513749750387,83,45.44670296508687
5,C1,A6,4154.972830840789,71,249738.107092248,83,58.52074409634915
6,C2,A1,-59.04334148482469,2,1751.0803919147988,83,-29.521670742412343
7,C2,A2,94.67550202182026,6,16614.705625853254,83,15.779250336970044
8,C2,A3,187.89450969591223,6,18411.503368722642,83,31.315751615985373
9,C2,A4,-76.95494423471392,2,3276.7378779591704,83,-38.47747211735696
10,C2,A5,2241.244778704543,37,216402.8328331511,83,60.57418320823089
11,C2,A6,1902.4560926985143,30,223220.34486900212,83,63.41520308995048
0,C1,A1,17.37385720903893,2,154.03580814418453,84,8.686928604519466
1,C1,A2,28.548853061914077,2,846.4009061165076,84,14.274426530957038
2,C1,A3,55.8397269746379,2,1582.9368449025094,84,27.91986348731895
3,C1,A4,85.546072059653,2,3718.198475656641,84,42.7730360298265
4,C1,A5,181.78681186034748,4,8601.513749750387,84,45.44670296508687
5,C1,A6,4207.615099652017,72,252509.3155578416,84,58.439098606278016
6,C2,A1,-59.04334148482469,2,1751.0803919147988,84,-29.521670742412343
7,C2,A2,94.67550202182026,6,16614.705625853254,84,15.779250336970044
8,C2,A3,130.72375546179373,7,21679.998508420616,84,18.674822208827674
9,C2,A4,-76.95494423471392,2,3276.7378779591704,84,-38.47747211735696
10,C2,A5,2241.244778704543,37,216402.8328331511,84,60.57418320823089
11,C2,A6,1902.4560926985143,30,223220.34486900212,84,63.41520308995048
0,C1,A1,17.37385720903893,2,154.03580814418453,85,8.686928604519466
1,C1,A2,28.548853061914077,2,846.4009061165076,85,14.274426530957038
2,C1,A3,55.8397269746379,2,1582.9368449025094,85,27.91986348731895
3,C1,A4,85.546072059653,2,3718.198475656641,85,42.7730360298265
4,C1,A5,181.78681186034748,4,8601.513749750387,85,45.44670296508687
5,C1,A6,4267.403509077843,73,256083.9694595118,85,58.45758231613484
6,C2,A1,-59.04334148482469,2,1751.0803919147988,85,-29.521670742412343
7,C2,A2,94.67550202182026,6,16614.705625853254,85,15.779250336970044
8,C2,A3,130.72375546179373,7,21679.998508420616,85,18.674822208827674
9,C2,A4,-76.95494423471392,2,3276.7378779591704,85,-38.47747211735696
10,C2,A5,2315.4220501240056,38,221905.1004283877,85,60.932159213789625
11,C2,A6,1902.4560926985143,30,223220.34486900212,85,63.41520308995048
0,C1,A1,17.37385720903893,2,154.03580814418453,86,8.686928604519466
1,C1,A2,28.548853061914077,2,846.4009061165076,86,14.274426530957038
2,C1,A3,55.8397269746379,2,1582.9368449025094,86,27.91986348731895
3,C1,A4,85.546072059653,2,3718.198475656641,86,42.7730360298265
4,C1,A5,181.78681186034748,4,8601.513749750387,86,45.44670296508687
5,C1,A6,4326.516028536842,74,259578.25941630232,86,58.466432818065435
6,C2,A1,-59.04334148482469,2,1751.0803919147988,86,-29.521670742412343
7,C2,A2,94.67550202182026,6,16614.705625853254,86,15.779250336970044
8,C2,A3,130.72375546179373,7,21679.998508420616,86,18.674822208827674
9,C2,A4,-76.95494423471392,2,3276.7378779591704,86,-38.47747211735696
10,C2,A5,2315.4220501240056,38,221905.1004283877,86,60.932159213789625
11,C2,A6,2066.8237855184643,31,250237.0833119555,86,66.67173501672465
0,C1,A1,17.37385720903893,2,154.03580814418453,87,8.686928604519466
1,C1,A2,28.548853061914077,2,846.4009061165076,87,14.274426530957038
2,C1,A3,55.8397269746379,2,1582.9368449025094,87,27.91986348731895
3,C1,A4,85.546072059653,2,3718.198475656641,87,42.7730360298265
4,C1,A5,181.78681186034748,4,8601.513749750387,87,45.44670296508687
5,C1,A6,4389.02611786003,75,263485.7706834953,87,58.520348238133735
6,C2,A1,-59.04334148482469,2,1751.0803919147988,87,-29.521670742412343
7,C2,A2,94.67550202182026,6,16614.705625853254,87,15.779250336970044
8,C2,A3,130.72375546179373,7,21679.998508420616,87,18.674822208827674
9,C2,A4,-76.95494423471392,2,3276.7378779591704,87,-38.47747211735696
10,C2,A5,2315.4220501240056,38,221905.1004283877,87,60.932159213789625
11,C2,A6,2088.1351181643954,32,250691.25621110105,87,65.25422244263736
0,C1,A1,17.37385720903893,2,154.03580814418453,88,8.686928604519466
1,C1,A2,28.548853061914077,2,846.4009061165076,88,14.274426530957038
2,C1,A3,55.8397269746379,2,1582.9368449025094,88,27.91986348731895
3,C1,A4,85.546072059653,2,3718.198475656641,88,42.7730360298265
4,C1,A5,181.78681186034748,4,8601.513749750387,88,45.44670296508687
5,C1,A6,4457.7980163608645,76,268215.34470690443,88,58.65523705737979
6,C2,A1,-59.04334148482469,2,1751.0803919147988,88,-29.521670742412343
7,C2,A2,94.67550202182026,6,16614.705625853254,88,15.779250336970044
8,C2,A3,130.72375546179373,7,21679.998508420616,88,18.674822208827674
9,C2,A4,-76.95494423471392,2,3276.7378779591704,88,-38.47747211735696
10,C2,A5,2315.4220501240056,38,221905.1004283877,88,60.932159213789625
11,C2,A6,2101.84851470493,33,250879.31345577893,88,63.692379233482725
0,C1,A1,17.37385720903893,2,154.03580814418453,89,8.686928604519466
1,C1,A2,28.548853061914077,2,846.4009061165076,89,14.274426530957038
2,C1,A3,55.8397269746379,2,1582.9368449025094,89,27.91986348731895
3,C1,A4,85.546072059653,2,3718.198475656641,89,42.7730360298265
4,C1,A5,181.78681186034748,4,8601.513749750387,89,45.44670296508687
5,C1,A6,4519.055981242205,77,271967.882968308,89,58.68903871743124
6,C2,A1,-59.04334148482469,2,1751.0803919147988,89,-29.521670742412343
7,C2,A2,94.67550202182026,6,16614.705625853254,89,15.779250336970044
8,C2,A3,130.72375546179373,7,21679.998508420616,89,18.674822208827674
9,C2,A4,-76.95494423471392,2,3276.7378779591704,89,-38.47747211735696
10,C2,A5,2315.4220501240056,38,221905.1004283877,89,60.932159213789625
11,C2,A6,2239.2399501363275,34,269755.71998567885,89,65.85999853342139
0,C1,A1,17.37385720903893,2,154.03580814418453,90,8.686928604519466
1,C1,A2,28.548853061914077,2,846.4009061165076,90,14.274426530957038
2,C1,A3,55.8397269746379,2,1582.9368449025094,90,27.91986348731895
3,C1,A4,85.546072059653,2,3718.198475656641,90,42.7730360298265
4,C1,A5,181.78681186034748,4,8601.513749750387,90,45.44670296508687
5,C1,A6,4593.2926753402535,78,277478.96971891506,90,58.88836763256735
6,C2,A1,-59.04334148482469,2,1751.0803919147988,90,-29.521670742412343
7,C2,A2,94.67550202182026,6,16614.705625853254,90,15.779250336970044
8,C2,A3,130.72375546179373,7,21679.998508420616,90,18.674822208827674
9,C2,A4,-76.95494423471392,2,3276.7378779591704,90,-38.47747211735696
10,C2,A5,2257.4722457309867,39,225263.2802575769,90,57.88390373669197
11,C2,A6,2239.2399501363275,34,269755.71998567885,90,65.85999853342139
0,C1,A1,17.37385720903893,2,154.03580814418453,91,8.686928604519466
1,C1,A2,28.548853061914077,2,846.4009061165076,91,14.274426530957038
2,C1,A3,55.8397269746379,2,1582.9368449025094,91,27.91986348731895
3,C1,A4,85.546072059653,2,3718.198475656641,91,42.7730360298265
4,C1,A5,181.78681186034748,4,8601.513749750387,91,45.44670296508687
5,C1,A6,4647.938771573919,79,280465.16555249423,91,58.834667994606576
6,C2,A1,-59.04334148482469,2,1751.0803919147988,91,-29.521670742412343
7,C2,A2,94.67550202182026,6,16614.705625853254,91,15.779250336970044
8,C2,A3,130.72375546179373,7,21679.998508420616,91,18.674822208827674
9,C2,A4,-76.95494423471392,2,3276.7378779591704,91,-38.47747211735696
10,C2,A5,2257.4722457309867,39,225263.2802575769,91,57.88390373669197
11,C2,A6,2208.38829326269,35,270707.5447175275,91,63.09680837893399
0,C1,A1,17.37385720903893,2,154.03580814418453,92,8.686928604519466
1,C1,A2,28.548853061914077,2,846.4009061165076,92,14.274426530957038
2,C1,A3,55.8397269746379,2,1582.9368449025094,92,27.91986348731895
3,C1,A4,85.546072059653,2,3718.198475656641,92,42.7730360298265
4,C1,A5,181.78681186034748,4,8601.513749750387,92,45.44670296508687
5,C1,A6,4703.550382919682,80,283557.8168689665,92,58.79437978649603
6,C2,A1,-59.04334148482469,2,1751.0803919147988,92,-29.521670742412343
7,C2,A2,94.67550202182026,6,16614.705625853254,92,15.779250336970044
8,C2,A3,130.72375546179373,7,21679.998508420616,92,18.674822208827674
9,C2,A4,-76.95494423471392,2,3276.7378779591704,92,-38.47747211735696
10,C2,A5,2257.4722457309867,39,225263.2802575769,92,57.88390373669197
11,C2,A6,2324.5129728830107,36,284192.4859344497,92,64.56980480230585
0,C1,A1,17.37385720903893,2,154.03580814418453,93,8.686928604519466
1,C1,A2,28.548853061914077,2,846.4009061165076,93,14.274426530957038
2,C1,A3,55.8397269746379,2,1582.9368449025094,93,27.91986348731895
3,C1,A4,85.546072059653,2,3718.198475656641,93,42.7730360298265
4,C1,A5,181.78681186034748,4,8601.513749750387,93,45.44670296508687
5,C1,A6,4753.490590144415,81,286051.84116661584,93,58.68506901412859
6,C2,A1,-59.04334148482469,2,1751.0803919147988,93,-29.521670742412343
7,C2,A2,94.67550202182026,6,16614.705625853254,93,15.779250336970044
8,C2,A3,130.72375546179373,7,21679.998508420616,93,18.674822208827674
9,C2,A4,-76.95494423471392,2,3276.7378779591704,93,-38.47747211735696
10,C2,A5,2257.4722457309867,39,225263.2802575769,93,57.88390373669197
11,C2,A6,2394.8025741436345,37,289133.1139798272,93,64.7243938957739
0,C1,A1,17.37385720903893,2,154.03580814418453,94,8.686928604519466
1,C1,A2,28.548853061914077,2,846.4009061165076,94,14.274426530957038
2,C1,A3,55.8397269746379,2,1582.9368449025094,94,27.91986348731895
3,C1,A4,85.546072059653,2,3718.198475656641,94,42.7730360298265
4,C1,A5,181.78681186034748,4,8601.513749750387,94,45.44670296508687
5,C1,A6,4810.847151963887,82,289341.61635036673,94,58.66886770687667
6,C2,A1,-59.04334148482469,2,1751.0803919147988,94,-29.521670742412343
7,C2,A2,94.67550202182026,6,16614.705625853254,94,15.779250336970044
8,C2,A3,130.72375546179373,7,21679.998508420616,94,18.674822208827674
9,C2,A4,-76.95494423471392,2,3276.7378779591704,94,-38.47747211735696
10,C2,A5,2257.4722457309867,39,225263.2802575769,94,57.88390373669197
11,C2,A6,2439.5774256434843,38,291137.9013066608,94,64.19940593798643
0,C1,A1,17.37385720903893,2,154.03580814418453,95,8.686928604519466
1,C1,A2,28.548853061914077,2,846.4009061165076,95,14.274426530957038
2,C1,A3,55.8397269746379,2,1582.9368449025094,95,27.91986348731895
3,C1,A4,85.546072059653,2,3718.198475656641,95,42.7730360298265
4,C1,A5,181.78681186034748,4,8601.513749750387,95,45.44670296508687
5,C1,A6,4876.12389774596,83,293602.66989026405,95,58.74848069573446
6,C2,A1,-59.04334148482469,2,1751.0803919147988,95,-29.521670742412343
7,C2,A2,94.67550202182026,6,16614.705625853254,95,15.779250336970044
8,C2,A3,130.72375546179373,7,21679.998508420616,95,18.674822208827674
9,C2,A4,-76.95494423471392,2,3276.7378779591704,95,-38.47747211735696
10,C2,A5,2257.4722457309867,39,225263.2802575769,95,57.88390373669197
11,C2,A6,2525.901639623031,39,298589.77122584736,95,64.76670870828285
0,C1,A1,17.37385720903893,2,154.03580814418453,96,8.686928604519466
1,C1,A2,28.548853061914077,2,846.4009061165076,96,14.274426530957038
2,C1,A3,55.8397269746379,2,1582.9368449025094,96,27.91986348731895
3,C1,A4,85.546072059653,2,3718.198475656641,96,42.7730360298265
4,C1,A5,181.78681186034748,4,8601.513749750387,96,45.44670296508687
5,C1,A6,4942.520879188925,84,298011.2290350016,96,58.839534276058636
6,C2,A1,-59.04334148482469,2,1751.0803919147988,96,-29.521670742412343
7,C2,A2,94.67550202182026,6,16614.705625853254,96,15.779250336970044
8,C2,A3,130.72375546179373,7,21679.998508420616,96,18.674822208827674
9,C2,A4,-76.95494423471392,2,3276.7378779591704,96,-38.47747211735696
10,C2,A5,2257.4722457309867,39,225263.2802575769,96,57.88390373669197
11,C2,A6,2565.283324495523,40,300140.68832924357,96,64.13208311238807
0,C1,A1,17.37385720903893,2,154.03580814418453,97,8.686928604519466
1,C1,A2,28.548853061914077,2,846.4009061165076,97,14.274426530957038
2,C1,A3,55.8397269746379,2,1582.9368449025094,97,27.91986348731895
3,C1,A4,85.546072059653,2,3718.198475656641,97,42.7730360298265
4,C1,A5,181.78681186034748,4,8601.513749750387,97,45.44670296508687
5,C1,A6,5001.003860974964,85,301431.48819358763,97,58.835339540881925
6,C2,A1,-59.04334148482469,2,1751.0803919147988,97,-29.521670742412343
7,C2,A2,94.67550202182026,6,16614.705625853254,97,15.779250336970044
8,C2,A3,130.72375546179373,7,21679.998508420616,97,18.674822208827674
9,C2,A4,-76.95494423471392,2,3276.7378779591704,97,-38.47747211735696
10,C2,A5,2257.4722457309867,39,225263.2802575769,97,57.88390373669197
11,C2,A6,2593.3625299161567,41,300929.1301062978,97,63.25274463210138
0,C1,A1,17.37385720903893,2,154.03580814418453,98,8.686928604519466
1,C1,A2,28.548853061914077,2,846.4009061165076,98,14.274426530957038
2,C1,A3,55.8397269746379,2,1582.9368449025094,98,27.91986348731895
3,C1,A4,85.546072059653,2,3718.198475656641,98,42.7730360298265
4,C1,A5,181.78681186034748,4,8601.513749750387,98,45.44670296508687
5,C1,A6,5057.502885150472,86,304623.62792637234,98,58.80817308314502
6,C2,A1,-59.04334148482469,2,1751.0803919147988,98,-29.521670742412343
7,C2,A2,94.67550202182026,6,16614.705625853254,98,15.779250336970044
8,C2,A3,130.72375546179373,7,21679.998508420616,98,18.674822208827674
9,C2,A4,-76.95494423471392,2,3276.7378779591704,98,-38.47747211735696
10,C2,A5,2257.4722457309867,39,225263.2802575769,98,57.88390373669197
11,C2,A6,2667.541818707565,42,306431.6969918969,98,63.51290044541822
0,C1,A1,17.37385720903893,2,154.03580814418453,99,8.686928604519466
1,C1,A2,28.548853061914077,2,846.4009061165076,99,14.274426530957038
2,C1,A3,55.8397269746379,2,1582.9368449025094,99,27.91986348731895
3,C1,A4,85.546072059653,2,3718.198475656641,99,42.7730360298265
4,C1,A5,181.78681186034748,4,8601.513749750387,99,45.44670296508687
5,C1,A6,5105.28105244103,87,306906.3811960168,99,58.68139140736816
6,C2,A1,-59.04334148482469,2,1751.0803919147988,99,-29.521670742412343
7,C2,A2,94.67550202182026,6,16614.705625853254,99,15.779250336970044
8,C2,A3,130.72375546179373,7,21679.998508420616,99,18.674822208827674
9,C2,A4,-76.95494423471392,2,3276.7378779591704,99,-38.47747211735696
10,C2,A5,2257.4722457309867,39,225263.2802575769,99,57.88390373669197
11,C2,A6,2739.761843986253,43,311647.4290431512,99,63.71539172061054
